imageid,X_centroid,Y_centroid,leiden
OVCA_TMA22_region_005_QUANT,803.17,92.69,7
OVCA_TMA22_region_005_QUANT,767.32,112.93,7
OVCA_TMA22_region_005_QUANT,1160.6,116.33,5
OVCA_TMA22_region_005_QUANT,1037.7,117.88,5
OVCA_TMA22_region_005_QUANT,797.36,120.63,5
OVCA_TMA22_region_005_QUANT,1086.6,120.93,5
OVCA_TMA22_region_005_QUANT,974.36,125.55,5
OVCA_TMA22_region_005_QUANT,1175.1,128.75,5
OVCA_TMA22_region_005_QUANT,839.84,137.6,0
OVCA_TMA22_region_005_QUANT,787.56,142.07,5
OVCA_TMA22_region_005_QUANT,866.3,142.65,2
OVCA_TMA22_region_005_QUANT,1013.8,147.47,2
OVCA_TMA22_region_005_QUANT,818.35,149.0,5
OVCA_TMA22_region_005_QUANT,892.03,151.32,0
OVCA_TMA22_region_005_QUANT,1069.9,153.41,2
OVCA_TMA22_region_005_QUANT,1224.8,153.55,0
OVCA_TMA22_region_005_QUANT,1024.6,158.07,2
OVCA_TMA22_region_005_QUANT,840.93,158.64,5
OVCA_TMA22_region_005_QUANT,1216.3,163.47,5
OVCA_TMA22_region_005_QUANT,961.77,168.47,5
OVCA_TMA22_region_005_QUANT,1167.3,177.98,5
OVCA_TMA22_region_005_QUANT,1105.8,181.15,5
OVCA_TMA22_region_005_QUANT,877.96,183.33,5
OVCA_TMA22_region_005_QUANT,860.2,184.51,5
OVCA_TMA22_region_005_QUANT,1227.6,187.6,5
OVCA_TMA22_region_005_QUANT,1243.9,191.29,5
OVCA_TMA22_region_005_QUANT,1259.8,192.18,5
OVCA_TMA22_region_005_QUANT,828.88,197.08,5
OVCA_TMA22_region_005_QUANT,867.44,202.19,5
OVCA_TMA22_region_005_QUANT,918.88,203.84,5
OVCA_TMA22_region_005_QUANT,1026.5,209.43,7
OVCA_TMA22_region_005_QUANT,671.72,225.67,3
OVCA_TMA22_region_005_QUANT,702.03,230.24,0
OVCA_TMA22_region_005_QUANT,1134.1,230.76,0
OVCA_TMA22_region_005_QUANT,1128.8,248.57,0
OVCA_TMA22_region_005_QUANT,1300.8,257.48,3
OVCA_TMA22_region_005_QUANT,934.1,259.04,0
OVCA_TMA22_region_005_QUANT,1296.2,276.24,4
OVCA_TMA22_region_005_QUANT,923.48,290.62,3
OVCA_TMA22_region_005_QUANT,455.75,291.91,0
OVCA_TMA22_region_005_QUANT,448.26,314.73,0
OVCA_TMA22_region_005_QUANT,860.32,317.91,0
OVCA_TMA22_region_005_QUANT,1071.4,331.11,0
OVCA_TMA22_region_005_QUANT,1366.2,334.36,0
OVCA_TMA22_region_005_QUANT,1281.1,335.78,0
OVCA_TMA22_region_005_QUANT,1445.7,343.73,4
OVCA_TMA22_region_005_QUANT,1401.7,345.83,0
OVCA_TMA22_region_005_QUANT,1428.6,345.04,4
OVCA_TMA22_region_005_QUANT,1415.6,349.57,4
OVCA_TMA22_region_005_QUANT,1459.1,352.42,4
OVCA_TMA22_region_005_QUANT,1475.7,352.26,1
OVCA_TMA22_region_005_QUANT,1539.4,353.49,4
OVCA_TMA22_region_005_QUANT,1267.1,358.99,2
OVCA_TMA22_region_005_QUANT,1443.9,362.4,4
OVCA_TMA22_region_005_QUANT,1421.6,364.49,4
OVCA_TMA22_region_005_QUANT,1467.6,373.37,0
OVCA_TMA22_region_005_QUANT,1431.5,380.99,4
OVCA_TMA22_region_005_QUANT,828.82,382.48,0
OVCA_TMA22_region_005_QUANT,792.48,384.99,0
OVCA_TMA22_region_005_QUANT,1309.2,387.95,0
OVCA_TMA22_region_005_QUANT,1447.2,387.9,3
OVCA_TMA22_region_005_QUANT,1146.1,390.24,0
OVCA_TMA22_region_005_QUANT,766.82,396.99,0
OVCA_TMA22_region_005_QUANT,1413.5,396.76,4
OVCA_TMA22_region_005_QUANT,1313.4,400.63,4
OVCA_TMA22_region_005_QUANT,702.25,404.11,1
OVCA_TMA22_region_005_QUANT,788.1,406.16,0
OVCA_TMA22_region_005_QUANT,1398.1,410.63,1
OVCA_TMA22_region_005_QUANT,681.01,413.2,0
OVCA_TMA22_region_005_QUANT,1285.7,414.08,4
OVCA_TMA22_region_005_QUANT,1432.5,412.96,4
OVCA_TMA22_region_005_QUANT,729.18,414.9,0
OVCA_TMA22_region_005_QUANT,1414.6,421.55,0
OVCA_TMA22_region_005_QUANT,1274.4,436.35,0
OVCA_TMA22_region_005_QUANT,1370.9,448.62,0
OVCA_TMA22_region_005_QUANT,1604.5,450.84,0
OVCA_TMA22_region_005_QUANT,1175.0,452.87,0
OVCA_TMA22_region_005_QUANT,1541.1,463.28,4
OVCA_TMA22_region_005_QUANT,1156.0,463.57,0
OVCA_TMA22_region_005_QUANT,1559.1,466.73,4
OVCA_TMA22_region_005_QUANT,1578.8,467.07,4
OVCA_TMA22_region_005_QUANT,329.49,476.98,0
OVCA_TMA22_region_005_QUANT,1178.6,481.56,0
OVCA_TMA22_region_005_QUANT,963.12,482.86,0
OVCA_TMA22_region_005_QUANT,1378.3,482.77,4
OVCA_TMA22_region_005_QUANT,935.97,483.97,0
OVCA_TMA22_region_005_QUANT,873.29,486.04,0
OVCA_TMA22_region_005_QUANT,1528.8,484.33,0
OVCA_TMA22_region_005_QUANT,489.61,492.22,3
OVCA_TMA22_region_005_QUANT,1168.8,494.32,0
OVCA_TMA22_region_005_QUANT,449.19,499.97,0
OVCA_TMA22_region_005_QUANT,896.61,500.81,4
OVCA_TMA22_region_005_QUANT,1535.3,499.46,4
OVCA_TMA22_region_005_QUANT,1184.9,505.45,1
OVCA_TMA22_region_005_QUANT,878.99,506.91,3
OVCA_TMA22_region_005_QUANT,493.11,507.47,0
OVCA_TMA22_region_005_QUANT,913.55,509.65,4
OVCA_TMA22_region_005_QUANT,1115.0,508.46,1
OVCA_TMA22_region_005_QUANT,516.94,509.49,0
OVCA_TMA22_region_005_QUANT,1389.7,512.11,0
OVCA_TMA22_region_005_QUANT,974.85,514.83,4
OVCA_TMA22_region_005_QUANT,1145.9,516.07,4
OVCA_TMA22_region_005_QUANT,1132.4,515.54,4
OVCA_TMA22_region_005_QUANT,1174.0,517.95,3
OVCA_TMA22_region_005_QUANT,503.15,518.29,0
OVCA_TMA22_region_005_QUANT,844.51,520.34,4
OVCA_TMA22_region_005_QUANT,892.97,520.34,3
OVCA_TMA22_region_005_QUANT,1005.4,522.31,3
OVCA_TMA22_region_005_QUANT,987.9,524.16,3
OVCA_TMA22_region_005_QUANT,873.51,528.78,4
OVCA_TMA22_region_005_QUANT,911.48,528.47,3
OVCA_TMA22_region_005_QUANT,1206.4,529.65,4
OVCA_TMA22_region_005_QUANT,1584.2,530.36,1
OVCA_TMA22_region_005_QUANT,855.27,532.63,4
OVCA_TMA22_region_005_QUANT,1193.5,537.27,1
OVCA_TMA22_region_005_QUANT,1406.9,536.8,0
OVCA_TMA22_region_005_QUANT,1172.5,544.68,4
OVCA_TMA22_region_005_QUANT,844.93,547.02,4
OVCA_TMA22_region_005_QUANT,1214.3,545.41,4
OVCA_TMA22_region_005_QUANT,679.28,545.71,0
OVCA_TMA22_region_005_QUANT,793.03,550.77,1
OVCA_TMA22_region_005_QUANT,1014.6,554.49,4
OVCA_TMA22_region_005_QUANT,689.56,563.59,4
OVCA_TMA22_region_005_QUANT,456.95,566.62,0
OVCA_TMA22_region_005_QUANT,841.65,565.91,3
OVCA_TMA22_region_005_QUANT,1187.0,567.35,4
OVCA_TMA22_region_005_QUANT,1205.6,567.76,4
OVCA_TMA22_region_005_QUANT,1270.3,569.47,3
OVCA_TMA22_region_005_QUANT,1250.5,570.97,1
OVCA_TMA22_region_005_QUANT,362.75,573.19,1
OVCA_TMA22_region_005_QUANT,1169.8,576.37,4
OVCA_TMA22_region_005_QUANT,125.49,578.87,5
OVCA_TMA22_region_005_QUANT,1285.8,578.58,0
OVCA_TMA22_region_005_QUANT,263.54,580.45,0
OVCA_TMA22_region_005_QUANT,1222.6,584.74,4
OVCA_TMA22_region_005_QUANT,465.27,587.01,4
OVCA_TMA22_region_005_QUANT,1142.3,589.3,4
OVCA_TMA22_region_005_QUANT,1202.3,587.9,1
OVCA_TMA22_region_005_QUANT,833.2,590.35,4
OVCA_TMA22_region_005_QUANT,1091.0,595.81,0
OVCA_TMA22_region_005_QUANT,1110.1,595.74,4
OVCA_TMA22_region_005_QUANT,1184.2,594.83,4
OVCA_TMA22_region_005_QUANT,1249.1,595.11,4
OVCA_TMA22_region_005_QUANT,416.74,597.37,3
OVCA_TMA22_region_005_QUANT,437.17,597.78,0
OVCA_TMA22_region_005_QUANT,1161.3,596.95,1
OVCA_TMA22_region_005_QUANT,126.15,600.78,3
OVCA_TMA22_region_005_QUANT,295.16,603.47,4
OVCA_TMA22_region_005_QUANT,1128.4,603.81,4
OVCA_TMA22_region_005_QUANT,1208.5,604.72,0
OVCA_TMA22_region_005_QUANT,1263.7,607.71,0
OVCA_TMA22_region_005_QUANT,80.38,609.1,3
OVCA_TMA22_region_005_QUANT,109.44,610.21,5
OVCA_TMA22_region_005_QUANT,1086.8,608.66,0
OVCA_TMA22_region_005_QUANT,154.68,612.72,0
OVCA_TMA22_region_005_QUANT,1146.8,612.88,4
OVCA_TMA22_region_005_QUANT,1173.2,614.91,4
OVCA_TMA22_region_005_QUANT,1233.2,615.76,0
OVCA_TMA22_region_005_QUANT,1432.1,615.69,0
OVCA_TMA22_region_005_QUANT,1194.3,616.33,4
OVCA_TMA22_region_005_QUANT,1247.4,616.59,0
OVCA_TMA22_region_005_QUANT,224.24,621.78,4
OVCA_TMA22_region_005_QUANT,93.15,620.56,3
OVCA_TMA22_region_005_QUANT,1408.6,621.37,0
OVCA_TMA22_region_005_QUANT,186.15,625.89,0
OVCA_TMA22_region_005_QUANT,1142.2,631.0,1
OVCA_TMA22_region_005_QUANT,112.06,633.16,5
OVCA_TMA22_region_005_QUANT,208.69,633.06,1
OVCA_TMA22_region_005_QUANT,1163.7,634.15,4
OVCA_TMA22_region_005_QUANT,623.85,650.16,0
OVCA_TMA22_region_005_QUANT,1177.2,650.38,4
OVCA_TMA22_region_005_QUANT,1156.1,656.49,4
OVCA_TMA22_region_005_QUANT,363.82,658.71,0
OVCA_TMA22_region_005_QUANT,1496.2,661.06,0
OVCA_TMA22_region_005_QUANT,1091.0,666.56,1
OVCA_TMA22_region_005_QUANT,1123.0,668.0,3
OVCA_TMA22_region_005_QUANT,1196.1,673.72,7
OVCA_TMA22_region_005_QUANT,1221.9,676.18,2
OVCA_TMA22_region_005_QUANT,1137.3,677.19,4
OVCA_TMA22_region_005_QUANT,1100.2,687.44,2
OVCA_TMA22_region_005_QUANT,1117.2,688.55,2
OVCA_TMA22_region_005_QUANT,1751.3,688.47,2
OVCA_TMA22_region_005_QUANT,344.39,693.63,2
OVCA_TMA22_region_005_QUANT,492.84,690.86,2
OVCA_TMA22_region_005_QUANT,1232.4,692.0,2
OVCA_TMA22_region_005_QUANT,264.51,694.29,0
OVCA_TMA22_region_005_QUANT,1131.7,695.63,0
OVCA_TMA22_region_005_QUANT,1257.5,694.64,7
OVCA_TMA22_region_005_QUANT,199.31,697.27,0
OVCA_TMA22_region_005_QUANT,1211.3,695.78,2
OVCA_TMA22_region_005_QUANT,373.8,699.42,2
OVCA_TMA22_region_005_QUANT,890.38,698.78,2
OVCA_TMA22_region_005_QUANT,1736.0,700.01,2
OVCA_TMA22_region_005_QUANT,465.08,703.08,2
OVCA_TMA22_region_005_QUANT,1144.6,706.4,4
OVCA_TMA22_region_005_QUANT,321.5,708.68,6
OVCA_TMA22_region_005_QUANT,909.73,708.1,2
OVCA_TMA22_region_005_QUANT,1195.8,710.36,7
OVCA_TMA22_region_005_QUANT,884.39,713.91,5
OVCA_TMA22_region_005_QUANT,1220.7,712.15,2
OVCA_TMA22_region_005_QUANT,1247.6,713.23,7
OVCA_TMA22_region_005_QUANT,241.7,714.99,0
OVCA_TMA22_region_005_QUANT,1120.7,716.22,4
OVCA_TMA22_region_005_QUANT,205.67,716.02,0
OVCA_TMA22_region_005_QUANT,1028.0,727.79,6
OVCA_TMA22_region_005_QUANT,1176.4,725.36,0
OVCA_TMA22_region_005_QUANT,1104.5,728.66,3
OVCA_TMA22_region_005_QUANT,1666.7,731.36,4
OVCA_TMA22_region_005_QUANT,1140.2,731.92,1
OVCA_TMA22_region_005_QUANT,1283.8,737.98,4
OVCA_TMA22_region_005_QUANT,527.21,736.88,2
OVCA_TMA22_region_005_QUANT,967.36,738.09,5
OVCA_TMA22_region_005_QUANT,1160.3,737.93,1
OVCA_TMA22_region_005_QUANT,1194.8,737.34,7
OVCA_TMA22_region_005_QUANT,695.42,738.6,2
OVCA_TMA22_region_005_QUANT,742.9,738.63,2
OVCA_TMA22_region_005_QUANT,438.85,740.83,2
OVCA_TMA22_region_005_QUANT,943.14,741.5,5
OVCA_TMA22_region_005_QUANT,893.47,742.61,5
OVCA_TMA22_region_005_QUANT,1067.3,744.07,6
OVCA_TMA22_region_005_QUANT,1259.0,743.19,0
OVCA_TMA22_region_005_QUANT,1681.3,742.73,4
OVCA_TMA22_region_005_QUANT,293.74,742.82,2
OVCA_TMA22_region_005_QUANT,548.09,746.55,2
OVCA_TMA22_region_005_QUANT,411.58,746.74,3
OVCA_TMA22_region_005_QUANT,1018.0,748.14,6
OVCA_TMA22_region_005_QUANT,1041.7,748.56,6
OVCA_TMA22_region_005_QUANT,782.6,751.54,5
OVCA_TMA22_region_005_QUANT,1300.5,751.94,4
OVCA_TMA22_region_005_QUANT,281.39,751.79,2
OVCA_TMA22_region_005_QUANT,833.88,755.53,2
OVCA_TMA22_region_005_QUANT,1660.9,754.08,0
OVCA_TMA22_region_005_QUANT,1165.5,757.76,0
OVCA_TMA22_region_005_QUANT,1213.9,757.53,0
OVCA_TMA22_region_005_QUANT,1265.3,758.94,4
OVCA_TMA22_region_005_QUANT,1331.8,761.73,0
OVCA_TMA22_region_005_QUANT,370.98,763.6,3
OVCA_TMA22_region_005_QUANT,878.43,761.84,2
OVCA_TMA22_region_005_QUANT,1060.4,763.27,6
OVCA_TMA22_region_005_QUANT,758.94,766.48,2
OVCA_TMA22_region_005_QUANT,488.43,764.47,5
OVCA_TMA22_region_005_QUANT,1003.2,765.64,6
OVCA_TMA22_region_005_QUANT,1386.8,766.17,4
OVCA_TMA22_region_005_QUANT,664.57,768.58,2
OVCA_TMA22_region_005_QUANT,694.2,768.98,2
OVCA_TMA22_region_005_QUANT,1039.5,767.56,6
OVCA_TMA22_region_005_QUANT,1081.2,771.31,6
OVCA_TMA22_region_005_QUANT,1243.6,771.45,1
OVCA_TMA22_region_005_QUANT,722.19,771.96,2
OVCA_TMA22_region_005_QUANT,1370.4,772.81,4
OVCA_TMA22_region_005_QUANT,576.15,775.0,3
OVCA_TMA22_region_005_QUANT,600.84,773.51,2
OVCA_TMA22_region_005_QUANT,1262.5,772.49,1
OVCA_TMA22_region_005_QUANT,1285.9,772.02,4
OVCA_TMA22_region_005_QUANT,1304.9,772.38,0
OVCA_TMA22_region_005_QUANT,382.2,775.09,3
OVCA_TMA22_region_005_QUANT,422.92,775.98,5
OVCA_TMA22_region_005_QUANT,978.26,776.22,6
OVCA_TMA22_region_005_QUANT,1164.2,777.77,0
OVCA_TMA22_region_005_QUANT,1051.2,779.45,6
OVCA_TMA22_region_005_QUANT,683.51,781.42,2
OVCA_TMA22_region_005_QUANT,856.69,784.09,2
OVCA_TMA22_region_005_QUANT,1201.7,783.62,0
OVCA_TMA22_region_005_QUANT,287.66,785.54,3
OVCA_TMA22_region_005_QUANT,1253.4,785.68,1
OVCA_TMA22_region_005_QUANT,1324.1,785.1,4
OVCA_TMA22_region_005_QUANT,699.88,786.02,3
OVCA_TMA22_region_005_QUANT,1269.9,787.28,4
OVCA_TMA22_region_005_QUANT,1662.5,788.41,4
OVCA_TMA22_region_005_QUANT,1683.3,788.5,4
OVCA_TMA22_region_005_QUANT,1221.7,788.8,0
OVCA_TMA22_region_005_QUANT,1386.7,790.84,4
OVCA_TMA22_region_005_QUANT,1406.4,791.75,4
OVCA_TMA22_region_005_QUANT,1237.0,792.16,0
OVCA_TMA22_region_005_QUANT,831.14,793.08,2
OVCA_TMA22_region_005_QUANT,354.22,795.38,3
OVCA_TMA22_region_005_QUANT,996.51,799.87,6
OVCA_TMA22_region_005_QUANT,1645.8,795.4,4
OVCA_TMA22_region_005_QUANT,687.97,797.22,2
OVCA_TMA22_region_005_QUANT,716.51,794.65,3
OVCA_TMA22_region_005_QUANT,1284.8,796.6,1
OVCA_TMA22_region_005_QUANT,322.06,800.62,3
OVCA_TMA22_region_005_QUANT,1339.6,798.34,4
OVCA_TMA22_region_005_QUANT,453.54,799.86,5
OVCA_TMA22_region_005_QUANT,595.01,801.14,2
OVCA_TMA22_region_005_QUANT,921.51,802.01,5
OVCA_TMA22_region_005_QUANT,1058.6,801.09,6
OVCA_TMA22_region_005_QUANT,1257.8,800.18,1
OVCA_TMA22_region_005_QUANT,270.93,803.38,3
OVCA_TMA22_region_005_QUANT,1319.2,803.86,4
OVCA_TMA22_region_005_QUANT,1625.9,803.62,0
OVCA_TMA22_region_005_QUANT,1691.5,802.13,4
OVCA_TMA22_region_005_QUANT,648.36,808.51,3
OVCA_TMA22_region_005_QUANT,1374.4,817.6,4
OVCA_TMA22_region_005_QUANT,1402.9,810.11,3
OVCA_TMA22_region_005_QUANT,1234.0,812.42,1
OVCA_TMA22_region_005_QUANT,1271.3,814.28,3
OVCA_TMA22_region_005_QUANT,1637.8,813.86,0
OVCA_TMA22_region_005_QUANT,355.58,815.59,2
OVCA_TMA22_region_005_QUANT,1178.2,814.4,4
OVCA_TMA22_region_005_QUANT,1294.7,816.51,4
OVCA_TMA22_region_005_QUANT,1354.9,815.02,4
OVCA_TMA22_region_005_QUANT,1424.8,815.37,3
OVCA_TMA22_region_005_QUANT,683.26,815.22,3
OVCA_TMA22_region_005_QUANT,261.3,816.95,2
OVCA_TMA22_region_005_QUANT,298.72,817.53,3
OVCA_TMA22_region_005_QUANT,766.98,821.74,3
OVCA_TMA22_region_005_QUANT,1221.6,822.47,0
OVCA_TMA22_region_005_QUANT,1333.1,821.77,3
OVCA_TMA22_region_005_QUANT,28.11,823.05,2
OVCA_TMA22_region_005_QUANT,1196.5,818.42,1
OVCA_TMA22_region_005_QUANT,1620.2,824.76,0
OVCA_TMA22_region_005_QUANT,516.14,825.85,2
OVCA_TMA22_region_005_QUANT,1024.5,826.47,6
OVCA_TMA22_region_005_QUANT,1243.0,827.57,1
OVCA_TMA22_region_005_QUANT,1312.2,827.16,1
OVCA_TMA22_region_005_QUANT,1388.0,828.91,4
OVCA_TMA22_region_005_QUANT,1409.3,830.49,4
OVCA_TMA22_region_005_QUANT,937.57,834.65,6
OVCA_TMA22_region_005_QUANT,317.45,835.38,2
OVCA_TMA22_region_005_QUANT,1424.1,836.56,0
OVCA_TMA22_region_005_QUANT,491.23,838.1,3
OVCA_TMA22_region_005_QUANT,983.96,842.07,6
OVCA_TMA22_region_005_QUANT,1192.7,841.74,1
OVCA_TMA22_region_005_QUANT,1254.0,841.68,3
OVCA_TMA22_region_005_QUANT,1272.0,843.77,0
OVCA_TMA22_region_005_QUANT,1291.6,841.99,1
OVCA_TMA22_region_005_QUANT,436.33,844.11,2
OVCA_TMA22_region_005_QUANT,1064.2,841.71,6
OVCA_TMA22_region_005_QUANT,1217.3,843.84,0
OVCA_TMA22_region_005_QUANT,511.79,845.02,2
OVCA_TMA22_region_005_QUANT,1324.6,845.74,0
OVCA_TMA22_region_005_QUANT,723.68,849.8,2
OVCA_TMA22_region_005_QUANT,1437.2,851.36,0
OVCA_TMA22_region_005_QUANT,561.23,854.52,5
OVCA_TMA22_region_005_QUANT,1343.6,854.38,0
OVCA_TMA22_region_005_QUANT,435.57,856.89,2
OVCA_TMA22_region_005_QUANT,1367.5,860.97,0
OVCA_TMA22_region_005_QUANT,772.19,865.2,2
OVCA_TMA22_region_005_QUANT,1200.6,863.26,0
OVCA_TMA22_region_005_QUANT,1238.8,864.03,3
OVCA_TMA22_region_005_QUANT,1292.5,865.37,1
OVCA_TMA22_region_005_QUANT,1315.3,866.04,4
OVCA_TMA22_region_005_QUANT,1591.6,869.55,0
OVCA_TMA22_region_005_QUANT,1026.7,872.43,6
OVCA_TMA22_region_005_QUANT,1269.8,868.98,4
OVCA_TMA22_region_005_QUANT,1347.9,870.76,1
OVCA_TMA22_region_005_QUANT,362.81,876.05,2
OVCA_TMA22_region_005_QUANT,1427.1,877.73,0
OVCA_TMA22_region_005_QUANT,478.7,878.2,5
OVCA_TMA22_region_005_QUANT,945.19,879.25,6
OVCA_TMA22_region_005_QUANT,1394.1,875.99,3
OVCA_TMA22_region_005_QUANT,1371.4,880.7,4
OVCA_TMA22_region_005_QUANT,1306.1,882.91,3
OVCA_TMA22_region_005_QUANT,748.05,883.43,2
OVCA_TMA22_region_005_QUANT,1286.5,885.01,4
OVCA_TMA22_region_005_QUANT,1438.0,889.14,0
OVCA_TMA22_region_005_QUANT,474.71,891.08,5
OVCA_TMA22_region_005_QUANT,508.53,892.38,2
OVCA_TMA22_region_005_QUANT,1333.8,890.28,0
OVCA_TMA22_region_005_QUANT,583.4,894.38,2
OVCA_TMA22_region_005_QUANT,1253.1,893.92,1
OVCA_TMA22_region_005_QUANT,553.47,894.82,3
OVCA_TMA22_region_005_QUANT,1009.3,895.91,6
OVCA_TMA22_region_005_QUANT,1466.7,897.71,0
OVCA_TMA22_region_005_QUANT,859.98,897.31,2
OVCA_TMA22_region_005_QUANT,981.16,897.66,6
OVCA_TMA22_region_005_QUANT,1407.1,897.28,0
OVCA_TMA22_region_005_QUANT,1383.6,899.01,4
OVCA_TMA22_region_005_QUANT,683.29,900.58,2
OVCA_TMA22_region_005_QUANT,1283.6,900.68,1
OVCA_TMA22_region_005_QUANT,464.31,902.56,5
OVCA_TMA22_region_005_QUANT,1861.1,904.35,6
OVCA_TMA22_region_005_QUANT,760.55,904.64,2
OVCA_TMA22_region_005_QUANT,1313.5,906.27,0
OVCA_TMA22_region_005_QUANT,1440.5,906.72,0
OVCA_TMA22_region_005_QUANT,1062.4,913.59,6
OVCA_TMA22_region_005_QUANT,1294.7,907.28,3
OVCA_TMA22_region_005_QUANT,515.35,911.57,5
OVCA_TMA22_region_005_QUANT,620.19,912.78,2
OVCA_TMA22_region_005_QUANT,1222.6,912.44,0
OVCA_TMA22_region_005_QUANT,1255.1,911.1,0
OVCA_TMA22_region_005_QUANT,1270.3,912.06,0
OVCA_TMA22_region_005_QUANT,1500.9,912.94,0
OVCA_TMA22_region_005_QUANT,588.87,915.53,3
OVCA_TMA22_region_005_QUANT,1402.3,913.99,3
OVCA_TMA22_region_005_QUANT,1375.9,917.12,3
OVCA_TMA22_region_005_QUANT,1473.3,917.98,0
OVCA_TMA22_region_005_QUANT,432.16,920.67,2
OVCA_TMA22_region_005_QUANT,469.25,920.01,2
OVCA_TMA22_region_005_QUANT,1013.0,922.53,6
OVCA_TMA22_region_005_QUANT,937.28,923.22,6
OVCA_TMA22_region_005_QUANT,963.28,923.47,6
OVCA_TMA22_region_005_QUANT,493.35,927.19,2
OVCA_TMA22_region_005_QUANT,1314.2,925.15,0
OVCA_TMA22_region_005_QUANT,524.81,926.77,2
OVCA_TMA22_region_005_QUANT,1867.5,934.19,6
OVCA_TMA22_region_005_QUANT,873.76,933.2,2
OVCA_TMA22_region_005_QUANT,983.87,934.2,6
OVCA_TMA22_region_005_QUANT,1390.0,937.94,0
OVCA_TMA22_region_005_QUANT,938.94,940.54,6
OVCA_TMA22_region_005_QUANT,1854.4,939.55,6
OVCA_TMA22_region_005_QUANT,1409.5,941.94,3
OVCA_TMA22_region_005_QUANT,515.69,944.75,2
OVCA_TMA22_region_005_QUANT,569.98,947.44,2
OVCA_TMA22_region_005_QUANT,738.41,947.51,2
OVCA_TMA22_region_005_QUANT,891.83,947.29,5
OVCA_TMA22_region_005_QUANT,1011.1,949.81,6
OVCA_TMA22_region_005_QUANT,1882.9,951.55,2
OVCA_TMA22_region_005_QUANT,908.5,953.82,6
OVCA_TMA22_region_005_QUANT,1046.7,955.76,6
OVCA_TMA22_region_005_QUANT,1757.0,958.96,4
OVCA_TMA22_region_005_QUANT,939.78,957.86,6
OVCA_TMA22_region_005_QUANT,1315.8,959.13,7
OVCA_TMA22_region_005_QUANT,873.03,963.53,5
OVCA_TMA22_region_005_QUANT,995.03,965.3,6
OVCA_TMA22_region_005_QUANT,1774.9,965.27,0
OVCA_TMA22_region_005_QUANT,718.58,972.48,2
OVCA_TMA22_region_005_QUANT,929.04,969.9,6
OVCA_TMA22_region_005_QUANT,1877.7,971.35,3
OVCA_TMA22_region_005_QUANT,1423.6,975.47,0
OVCA_TMA22_region_005_QUANT,1740.9,974.82,0
OVCA_TMA22_region_005_QUANT,1463.6,975.48,5
OVCA_TMA22_region_005_QUANT,1792.2,977.5,4
OVCA_TMA22_region_005_QUANT,1899.4,975.81,3
OVCA_TMA22_region_005_QUANT,840.53,979.2,5
OVCA_TMA22_region_005_QUANT,1269.2,980.62,5
OVCA_TMA22_region_005_QUANT,975.11,981.15,6
OVCA_TMA22_region_005_QUANT,1758.7,983.02,4
OVCA_TMA22_region_005_QUANT,1488.0,986.34,7
OVCA_TMA22_region_005_QUANT,944.32,986.15,6
OVCA_TMA22_region_005_QUANT,778.71,989.84,3
OVCA_TMA22_region_005_QUANT,907.12,990.22,6
OVCA_TMA22_region_005_QUANT,923.96,991.62,6
OVCA_TMA22_region_005_QUANT,1409.3,992.29,7
OVCA_TMA22_region_005_QUANT,1777.9,993.36,4
OVCA_TMA22_region_005_QUANT,370.2,997.13,2
OVCA_TMA22_region_005_QUANT,865.95,1000.6,6
OVCA_TMA22_region_005_QUANT,1644.6,999.5,0
OVCA_TMA22_region_005_QUANT,1670.2,1000.0,0
OVCA_TMA22_region_005_QUANT,1761.2,1001.6,1
OVCA_TMA22_region_005_QUANT,1348.2,1003.4,5
OVCA_TMA22_region_005_QUANT,717.66,1004.4,2
OVCA_TMA22_region_005_QUANT,592.26,1004.6,2
OVCA_TMA22_region_005_QUANT,1397.7,1004.9,7
OVCA_TMA22_region_005_QUANT,1730.0,1008.3,1
OVCA_TMA22_region_005_QUANT,614.35,1009.7,2
OVCA_TMA22_region_005_QUANT,1492.3,1009.4,7
OVCA_TMA22_region_005_QUANT,1748.8,1010.4,1
OVCA_TMA22_region_005_QUANT,1683.4,1010.2,0
OVCA_TMA22_region_005_QUANT,1279.6,1012.5,7
OVCA_TMA22_region_005_QUANT,1249.7,1013.0,7
OVCA_TMA22_region_005_QUANT,642.38,1015.4,2
OVCA_TMA22_region_005_QUANT,1297.4,1014.1,7
OVCA_TMA22_region_005_QUANT,1771.6,1017.6,1
OVCA_TMA22_region_005_QUANT,1903.6,1018.4,6
OVCA_TMA22_region_005_QUANT,895.89,1018.2,6
OVCA_TMA22_region_005_QUANT,1394.6,1018.1,7
OVCA_TMA22_region_005_QUANT,804.35,1022.6,2
OVCA_TMA22_region_005_QUANT,919.66,1021.4,6
OVCA_TMA22_region_005_QUANT,1464.0,1021.8,2
OVCA_TMA22_region_005_QUANT,1725.5,1022.0,1
OVCA_TMA22_region_005_QUANT,865.34,1023.3,6
OVCA_TMA22_region_005_QUANT,1361.9,1024.5,7
OVCA_TMA22_region_005_QUANT,1445.0,1027.4,2
OVCA_TMA22_region_005_QUANT,1696.4,1030.1,1
OVCA_TMA22_region_005_QUANT,1755.2,1029.2,1
OVCA_TMA22_region_005_QUANT,1483.1,1032.4,2
OVCA_TMA22_region_005_QUANT,1880.4,1034.0,4
OVCA_TMA22_region_005_QUANT,665.12,1033.8,2
OVCA_TMA22_region_005_QUANT,1236.8,1034.4,7
OVCA_TMA22_region_005_QUANT,1676.5,1034.2,0
OVCA_TMA22_region_005_QUANT,1289.9,1034.9,5
OVCA_TMA22_region_005_QUANT,1723.8,1034.5,1
OVCA_TMA22_region_005_QUANT,633.31,1036.8,2
OVCA_TMA22_region_005_QUANT,1516.4,1037.5,5
OVCA_TMA22_region_005_QUANT,1776.6,1039.4,0
OVCA_TMA22_region_005_QUANT,850.13,1041.1,6
OVCA_TMA22_region_005_QUANT,1621.7,1041.4,3
OVCA_TMA22_region_005_QUANT,1897.8,1040.6,3
OVCA_TMA22_region_005_QUANT,777.88,1042.4,2
OVCA_TMA22_region_005_QUANT,1225.6,1041.8,7
OVCA_TMA22_region_005_QUANT,1794.9,1042.9,1
OVCA_TMA22_region_005_QUANT,1436.8,1045.7,0
OVCA_TMA22_region_005_QUANT,280.31,1046.9,2
OVCA_TMA22_region_005_QUANT,834.94,1047.0,6
OVCA_TMA22_region_005_QUANT,1380.0,1049.7,7
OVCA_TMA22_region_005_QUANT,886.71,1052.2,6
OVCA_TMA22_region_005_QUANT,917.02,1049.2,6
OVCA_TMA22_region_005_QUANT,1236.5,1052.1,5
OVCA_TMA22_region_005_QUANT,1696.5,1050.6,4
OVCA_TMA22_region_005_QUANT,614.04,1053.5,3
OVCA_TMA22_region_005_QUANT,1513.2,1053.0,2
OVCA_TMA22_region_005_QUANT,1870.5,1053.2,1
OVCA_TMA22_region_005_QUANT,1664.2,1053.0,0
OVCA_TMA22_region_005_QUANT,679.15,1056.8,2
OVCA_TMA22_region_005_QUANT,1282.0,1057.2,5
OVCA_TMA22_region_005_QUANT,1911.3,1058.8,3
OVCA_TMA22_region_005_QUANT,643.5,1060.2,3
OVCA_TMA22_region_005_QUANT,131.23,1063.8,3
OVCA_TMA22_region_005_QUANT,1442.3,1063.9,0
OVCA_TMA22_region_005_QUANT,1535.6,1063.1,2
OVCA_TMA22_region_005_QUANT,1787.7,1062.9,0
OVCA_TMA22_region_005_QUANT,830.18,1065.3,6
OVCA_TMA22_region_005_QUANT,1712.9,1065.9,4
OVCA_TMA22_region_005_QUANT,1900.2,1067.5,2
OVCA_TMA22_region_005_QUANT,708.59,1070.5,2
OVCA_TMA22_region_005_QUANT,1551.0,1070.0,2
OVCA_TMA22_region_005_QUANT,1680.4,1068.3,1
OVCA_TMA22_region_005_QUANT,1749.4,1068.0,0
OVCA_TMA22_region_005_QUANT,296.93,1070.7,2
OVCA_TMA22_region_005_QUANT,859.64,1066.8,6
OVCA_TMA22_region_005_QUANT,881.05,1070.9,6
OVCA_TMA22_region_005_QUANT,1769.3,1068.1,0
OVCA_TMA22_region_005_QUANT,222.86,1072.2,2
OVCA_TMA22_region_005_QUANT,1868.6,1072.4,4
OVCA_TMA22_region_005_QUANT,925.78,1075.3,6
OVCA_TMA22_region_005_QUANT,1435.2,1073.1,2
OVCA_TMA22_region_005_QUANT,1209.0,1074.4,5
OVCA_TMA22_region_005_QUANT,523.54,1077.5,2
OVCA_TMA22_region_005_QUANT,1228.2,1078.1,5
OVCA_TMA22_region_005_QUANT,1889.9,1077.2,3
OVCA_TMA22_region_005_QUANT,474.11,1079.3,2
OVCA_TMA22_region_005_QUANT,1652.8,1079.2,0
OVCA_TMA22_region_005_QUANT,539.72,1079.6,2
OVCA_TMA22_region_005_QUANT,1249.5,1080.5,7
OVCA_TMA22_region_005_QUANT,1723.5,1082.9,0
OVCA_TMA22_region_005_QUANT,266.23,1082.7,2
OVCA_TMA22_region_005_QUANT,621.14,1082.4,2
OVCA_TMA22_region_005_QUANT,673.24,1082.8,2
OVCA_TMA22_region_005_QUANT,1448.4,1082.8,2
OVCA_TMA22_region_005_QUANT,1580.1,1083.8,5
OVCA_TMA22_region_005_QUANT,1907.2,1084.3,3
OVCA_TMA22_region_005_QUANT,303.05,1085.7,2
OVCA_TMA22_region_005_QUANT,854.71,1084.6,6
OVCA_TMA22_region_005_QUANT,1778.0,1086.6,7
OVCA_TMA22_region_005_QUANT,1432.5,1087.0,2
OVCA_TMA22_region_005_QUANT,1674.4,1085.6,0
OVCA_TMA22_region_005_QUANT,719.06,1087.7,2
OVCA_TMA22_region_005_QUANT,874.73,1088.0,6
OVCA_TMA22_region_005_QUANT,1559.8,1087.2,2
OVCA_TMA22_region_005_QUANT,1794.4,1089.8,7
OVCA_TMA22_region_005_QUANT,152.1,1091.2,2
OVCA_TMA22_region_005_QUANT,773.0,1092.2,2
OVCA_TMA22_region_005_QUANT,1825.4,1091.2,7
OVCA_TMA22_region_005_QUANT,630.19,1094.4,2
OVCA_TMA22_region_005_QUANT,898.21,1093.3,6
OVCA_TMA22_region_005_QUANT,1394.2,1093.4,7
OVCA_TMA22_region_005_QUANT,1764.2,1094.8,7
OVCA_TMA22_region_005_QUANT,1733.8,1099.7,0
OVCA_TMA22_region_005_QUANT,1639.8,1099.6,0
OVCA_TMA22_region_005_QUANT,1257.1,1101.3,2
OVCA_TMA22_region_005_QUANT,1436.3,1107.4,2
OVCA_TMA22_region_005_QUANT,1667.6,1102.8,0
OVCA_TMA22_region_005_QUANT,462.75,1104.6,2
OVCA_TMA22_region_005_QUANT,1898.1,1104.4,3
OVCA_TMA22_region_005_QUANT,604.8,1107.6,3
OVCA_TMA22_region_005_QUANT,525.35,1110.1,2
OVCA_TMA22_region_005_QUANT,640.22,1109.0,2
OVCA_TMA22_region_005_QUANT,1302.4,1114.2,0
OVCA_TMA22_region_005_QUANT,1692.1,1112.6,0
OVCA_TMA22_region_005_QUANT,1746.8,1110.8,7
OVCA_TMA22_region_005_QUANT,624.79,1113.9,5
OVCA_TMA22_region_005_QUANT,1798.9,1116.4,7
OVCA_TMA22_region_005_QUANT,1768.8,1119.0,7
OVCA_TMA22_region_005_QUANT,1828.4,1115.8,7
OVCA_TMA22_region_005_QUANT,1237.5,1117.3,0
OVCA_TMA22_region_005_QUANT,1457.0,1110.3,2
OVCA_TMA22_region_005_QUANT,1671.6,1120.1,1
OVCA_TMA22_region_005_QUANT,1727.0,1120.7,0
OVCA_TMA22_region_005_QUANT,1568.0,1127.0,2
OVCA_TMA22_region_005_QUANT,668.65,1131.3,2
OVCA_TMA22_region_005_QUANT,707.27,1129.5,3
OVCA_TMA22_region_005_QUANT,1698.0,1130.0,4
OVCA_TMA22_region_005_QUANT,1783.8,1130.0,7
OVCA_TMA22_region_005_QUANT,548.31,1132.8,2
OVCA_TMA22_region_005_QUANT,1380.5,1131.4,7
OVCA_TMA22_region_005_QUANT,1426.1,1133.6,7
OVCA_TMA22_region_005_QUANT,1483.3,1134.6,2
OVCA_TMA22_region_005_QUANT,296.88,1135.8,2
OVCA_TMA22_region_005_QUANT,312.59,1136.0,2
OVCA_TMA22_region_005_QUANT,1760.2,1136.0,7
OVCA_TMA22_region_005_QUANT,1500.2,1140.0,2
OVCA_TMA22_region_005_QUANT,68.4,1142.1,3
OVCA_TMA22_region_005_QUANT,635.44,1141.1,3
OVCA_TMA22_region_005_QUANT,719.23,1142.3,3
OVCA_TMA22_region_005_QUANT,1310.5,1136.3,0
OVCA_TMA22_region_005_QUANT,1553.4,1141.1,2
OVCA_TMA22_region_005_QUANT,1682.7,1140.2,4
OVCA_TMA22_region_005_QUANT,655.92,1144.4,3
OVCA_TMA22_region_005_QUANT,1454.2,1144.2,7
OVCA_TMA22_region_005_QUANT,1711.5,1144.5,3
OVCA_TMA22_region_005_QUANT,874.43,1146.2,2
OVCA_TMA22_region_005_QUANT,1849.8,1146.6,1
OVCA_TMA22_region_005_QUANT,1526.8,1147.5,2
OVCA_TMA22_region_005_QUANT,1367.7,1150.0,5
OVCA_TMA22_region_005_QUANT,1578.6,1152.3,7
OVCA_TMA22_region_005_QUANT,1668.0,1153.7,3
OVCA_TMA22_region_005_QUANT,52.68,1155.0,3
OVCA_TMA22_region_005_QUANT,675.47,1154.5,3
OVCA_TMA22_region_005_QUANT,1411.9,1155.7,5
OVCA_TMA22_region_005_QUANT,1762.0,1153.7,3
OVCA_TMA22_region_005_QUANT,1692.5,1155.9,4
OVCA_TMA22_region_005_QUANT,1333.2,1152.7,7
OVCA_TMA22_region_005_QUANT,1543.0,1157.4,2
OVCA_TMA22_region_005_QUANT,490.96,1165.7,2
OVCA_TMA22_region_005_QUANT,1650.8,1162.8,0
OVCA_TMA22_region_005_QUANT,721.58,1165.5,3
OVCA_TMA22_region_005_QUANT,1494.5,1167.3,7
OVCA_TMA22_region_005_QUANT,188.48,1168.6,2
OVCA_TMA22_region_005_QUANT,210.32,1172.0,2
OVCA_TMA22_region_005_QUANT,1624.8,1174.2,1
OVCA_TMA22_region_005_QUANT,1694.5,1172.8,3
OVCA_TMA22_region_005_QUANT,122.6,1175.1,3
OVCA_TMA22_region_005_QUANT,906.11,1173.4,2
OVCA_TMA22_region_005_QUANT,1199.7,1174.3,0
OVCA_TMA22_region_005_QUANT,1751.9,1175.6,3
OVCA_TMA22_region_005_QUANT,619.64,1177.6,5
OVCA_TMA22_region_005_QUANT,1355.8,1177.2,5
OVCA_TMA22_region_005_QUANT,1843.9,1177.6,0
OVCA_TMA22_region_005_QUANT,1553.3,1179.0,7
OVCA_TMA22_region_005_QUANT,1779.6,1178.3,0
OVCA_TMA22_region_005_QUANT,67.13,1177.6,3
OVCA_TMA22_region_005_QUANT,1408.0,1182.0,7
OVCA_TMA22_region_005_QUANT,1717.2,1181.8,4
OVCA_TMA22_region_005_QUANT,1273.1,1185.2,2
OVCA_TMA22_region_005_QUANT,1680.7,1184.3,1
OVCA_TMA22_region_005_QUANT,512.97,1184.0,2
OVCA_TMA22_region_005_QUANT,694.38,1186.3,5
OVCA_TMA22_region_005_QUANT,1445.1,1185.3,5
OVCA_TMA22_region_005_QUANT,1480.3,1185.3,7
OVCA_TMA22_region_005_QUANT,1662.2,1188.9,1
OVCA_TMA22_region_005_QUANT,94.14,1191.2,3
OVCA_TMA22_region_005_QUANT,646.58,1191.7,5
OVCA_TMA22_region_005_QUANT,826.49,1190.5,5
OVCA_TMA22_region_005_QUANT,1507.2,1189.0,7
OVCA_TMA22_region_005_QUANT,441.74,1191.6,2
OVCA_TMA22_region_005_QUANT,612.59,1193.1,5
OVCA_TMA22_region_005_QUANT,1857.5,1192.8,0
OVCA_TMA22_region_005_QUANT,354.99,1195.5,2
OVCA_TMA22_region_005_QUANT,1624.8,1192.5,0
OVCA_TMA22_region_005_QUANT,1703.2,1195.6,1
OVCA_TMA22_region_005_QUANT,80.41,1199.7,3
OVCA_TMA22_region_005_QUANT,214.75,1200.1,2
OVCA_TMA22_region_005_QUANT,1871.3,1200.8,0
OVCA_TMA22_region_005_QUANT,894.69,1203.1,2
OVCA_TMA22_region_005_QUANT,1633.1,1203.1,1
OVCA_TMA22_region_005_QUANT,1246.7,1204.9,2
OVCA_TMA22_region_005_QUANT,1353.1,1203.2,5
OVCA_TMA22_region_005_QUANT,1437.3,1204.0,5
OVCA_TMA22_region_005_QUANT,128.38,1206.8,3
OVCA_TMA22_region_005_QUANT,1612.1,1205.5,0
OVCA_TMA22_region_005_QUANT,606.68,1208.0,3
OVCA_TMA22_region_005_QUANT,368.02,1210.2,2
OVCA_TMA22_region_005_QUANT,792.09,1210.3,5
OVCA_TMA22_region_005_QUANT,1853.9,1209.5,0
OVCA_TMA22_region_005_QUANT,678.1,1212.3,2
OVCA_TMA22_region_005_QUANT,1417.6,1211.2,5
OVCA_TMA22_region_005_QUANT,1711.0,1211.2,0
OVCA_TMA22_region_005_QUANT,731.57,1212.6,5
OVCA_TMA22_region_005_QUANT,1229.0,1212.2,0
OVCA_TMA22_region_005_QUANT,1293.2,1211.1,7
OVCA_TMA22_region_005_QUANT,1482.3,1214.4,3
OVCA_TMA22_region_005_QUANT,87.13,1217.2,3
OVCA_TMA22_region_005_QUANT,1190.8,1219.2,7
OVCA_TMA22_region_005_QUANT,1495.1,1221.3,3
OVCA_TMA22_region_005_QUANT,1637.8,1219.7,4
OVCA_TMA22_region_005_QUANT,143.57,1221.9,3
OVCA_TMA22_region_005_QUANT,633.19,1220.3,2
OVCA_TMA22_region_005_QUANT,208.13,1223.5,3
OVCA_TMA22_region_005_QUANT,1419.1,1223.1,7
OVCA_TMA22_region_005_QUANT,574.58,1230.0,2
OVCA_TMA22_region_005_QUANT,688.99,1231.8,3
OVCA_TMA22_region_005_QUANT,1477.3,1232.2,0
OVCA_TMA22_region_005_QUANT,1554.0,1234.6,1
OVCA_TMA22_region_005_QUANT,1580.6,1236.6,0
OVCA_TMA22_region_005_QUANT,157.48,1237.2,3
OVCA_TMA22_region_005_QUANT,1685.8,1238.3,1
OVCA_TMA22_region_005_QUANT,1393.7,1238.5,5
OVCA_TMA22_region_005_QUANT,1624.5,1240.3,1
OVCA_TMA22_region_005_QUANT,113.47,1243.1,3
OVCA_TMA22_region_005_QUANT,709.27,1244.2,3
OVCA_TMA22_region_005_QUANT,838.75,1243.6,5
OVCA_TMA22_region_005_QUANT,893.53,1242.9,2
OVCA_TMA22_region_005_QUANT,677.18,1244.4,3
OVCA_TMA22_region_005_QUANT,1191.0,1245.1,7
OVCA_TMA22_region_005_QUANT,1602.5,1244.6,0
OVCA_TMA22_region_005_QUANT,1857.5,1244.1,1
OVCA_TMA22_region_005_QUANT,71.52,1249.3,2
OVCA_TMA22_region_005_QUANT,1300.9,1249.0,0
OVCA_TMA22_region_005_QUANT,738.59,1250.2,5
OVCA_TMA22_region_005_QUANT,1422.6,1253.3,5
OVCA_TMA22_region_005_QUANT,818.42,1255.2,2
OVCA_TMA22_region_005_QUANT,1512.9,1254.7,3
OVCA_TMA22_region_005_QUANT,1836.8,1255.5,1
OVCA_TMA22_region_005_QUANT,856.19,1258.1,2
OVCA_TMA22_region_005_QUANT,1476.7,1256.6,3
OVCA_TMA22_region_005_QUANT,1665.2,1255.7,4
OVCA_TMA22_region_005_QUANT,207.11,1259.9,3
OVCA_TMA22_region_005_QUANT,622.76,1259.0,2
OVCA_TMA22_region_005_QUANT,670.72,1257.6,5
OVCA_TMA22_region_005_QUANT,1593.6,1257.9,0
OVCA_TMA22_region_005_QUANT,1361.3,1259.9,7
OVCA_TMA22_region_005_QUANT,1622.1,1261.8,0
OVCA_TMA22_region_005_QUANT,711.54,1262.2,5
OVCA_TMA22_region_005_QUANT,1854.7,1261.1,1
OVCA_TMA22_region_005_QUANT,126.9,1265.0,3
OVCA_TMA22_region_005_QUANT,840.12,1263.7,2
OVCA_TMA22_region_005_QUANT,878.37,1264.7,6
OVCA_TMA22_region_005_QUANT,1169.5,1264.9,5
OVCA_TMA22_region_005_QUANT,1673.7,1266.7,0
OVCA_TMA22_region_005_QUANT,1330.4,1268.7,7
OVCA_TMA22_region_005_QUANT,1574.2,1269.6,0
OVCA_TMA22_region_005_QUANT,1188.8,1270.1,7
OVCA_TMA22_region_005_QUANT,87.88,1272.2,0
OVCA_TMA22_region_005_QUANT,794.61,1271.0,5
OVCA_TMA22_region_005_QUANT,1807.8,1272.1,1
OVCA_TMA22_region_005_QUANT,611.32,1272.7,2
OVCA_TMA22_region_005_QUANT,1629.0,1272.9,0
OVCA_TMA22_region_005_QUANT,1828.6,1279.4,3
OVCA_TMA22_region_005_QUANT,322.33,1280.8,2
OVCA_TMA22_region_005_QUANT,1201.7,1282.2,7
OVCA_TMA22_region_005_QUANT,779.27,1282.5,2
OVCA_TMA22_region_005_QUANT,484.49,1286.2,5
OVCA_TMA22_region_005_QUANT,509.01,1287.3,5
OVCA_TMA22_region_005_QUANT,681.77,1285.1,2
OVCA_TMA22_region_005_QUANT,227.32,1287.4,3
OVCA_TMA22_region_005_QUANT,1594.0,1287.4,3
OVCA_TMA22_region_005_QUANT,902.34,1290.2,6
OVCA_TMA22_region_005_QUANT,1433.4,1290.4,5
OVCA_TMA22_region_005_QUANT,292.61,1293.1,3
OVCA_TMA22_region_005_QUANT,1567.3,1292.2,0
OVCA_TMA22_region_005_QUANT,567.22,1293.0,5
OVCA_TMA22_region_005_QUANT,1408.8,1294.3,5
OVCA_TMA22_region_005_QUANT,1282.7,1294.8,0
OVCA_TMA22_region_005_QUANT,197.64,1297.2,3
OVCA_TMA22_region_005_QUANT,1367.7,1297.2,5
OVCA_TMA22_region_005_QUANT,1630.1,1297.8,1
OVCA_TMA22_region_005_QUANT,1498.0,1298.2,0
OVCA_TMA22_region_005_QUANT,164.04,1302.8,3
OVCA_TMA22_region_005_QUANT,1656.7,1301.3,0
OVCA_TMA22_region_005_QUANT,1427.0,1303.1,5
OVCA_TMA22_region_005_QUANT,382.14,1307.1,2
OVCA_TMA22_region_005_QUANT,1460.9,1306.1,3
OVCA_TMA22_region_005_QUANT,1837.9,1310.0,1
OVCA_TMA22_region_005_QUANT,633.65,1309.7,5
OVCA_TMA22_region_005_QUANT,1204.9,1309.7,0
OVCA_TMA22_region_005_QUANT,786.59,1312.1,2
OVCA_TMA22_region_005_QUANT,441.5,1313.6,5
OVCA_TMA22_region_005_QUANT,875.61,1314.5,2
OVCA_TMA22_region_005_QUANT,278.45,1317.2,3
OVCA_TMA22_region_005_QUANT,1419.9,1315.4,5
OVCA_TMA22_region_005_QUANT,1558.5,1314.9,4
OVCA_TMA22_region_005_QUANT,127.31,1318.7,2
OVCA_TMA22_region_005_QUANT,1643.7,1316.8,0
OVCA_TMA22_region_005_QUANT,233.53,1319.7,3
OVCA_TMA22_region_005_QUANT,753.05,1320.8,3
OVCA_TMA22_region_005_QUANT,923.1,1321.4,2
OVCA_TMA22_region_005_QUANT,1579.1,1323.2,3
OVCA_TMA22_region_005_QUANT,393.17,1322.8,2
OVCA_TMA22_region_005_QUANT,152.58,1326.3,3
OVCA_TMA22_region_005_QUANT,1675.2,1325.2,1
OVCA_TMA22_region_005_QUANT,175.37,1325.6,2
OVCA_TMA22_region_005_QUANT,189.51,1325.6,3
OVCA_TMA22_region_005_QUANT,1405.1,1325.8,5
OVCA_TMA22_region_005_QUANT,773.61,1327.7,2
OVCA_TMA22_region_005_QUANT,1830.0,1328.9,1
OVCA_TMA22_region_005_QUANT,903.49,1329.4,2
OVCA_TMA22_region_005_QUANT,1545.1,1333.1,0
OVCA_TMA22_region_005_QUANT,1851.0,1332.2,4
OVCA_TMA22_region_005_QUANT,684.17,1334.1,2
OVCA_TMA22_region_005_QUANT,1314.9,1333.8,2
OVCA_TMA22_region_005_QUANT,1366.0,1336.5,5
OVCA_TMA22_region_005_QUANT,1666.3,1336.4,1
OVCA_TMA22_region_005_QUANT,1615.8,1336.3,3
OVCA_TMA22_region_005_QUANT,1176.8,1338.3,7
OVCA_TMA22_region_005_QUANT,1525.6,1339.2,1
OVCA_TMA22_region_005_QUANT,194.46,1340.3,3
OVCA_TMA22_region_005_QUANT,244.09,1339.7,3
OVCA_TMA22_region_005_QUANT,623.55,1339.7,2
OVCA_TMA22_region_005_QUANT,1572.5,1340.1,3
OVCA_TMA22_region_005_QUANT,1641.6,1339.6,0
OVCA_TMA22_region_005_QUANT,129.39,1344.5,5
OVCA_TMA22_region_005_QUANT,1437.1,1344.7,7
OVCA_TMA22_region_005_QUANT,100.42,1346.0,2
OVCA_TMA22_region_005_QUANT,326.67,1346.2,2
OVCA_TMA22_region_005_QUANT,1862.4,1344.8,6
OVCA_TMA22_region_005_QUANT,1503.9,1346.2,3
OVCA_TMA22_region_005_QUANT,892.75,1347.2,2
OVCA_TMA22_region_005_QUANT,1404.1,1348.1,5
OVCA_TMA22_region_005_QUANT,1815.0,1347.1,0
OVCA_TMA22_region_005_QUANT,1560.8,1348.9,4
OVCA_TMA22_region_005_QUANT,1841.9,1348.6,1
OVCA_TMA22_region_005_QUANT,355.93,1352.0,3
OVCA_TMA22_region_005_QUANT,730.38,1352.1,2
OVCA_TMA22_region_005_QUANT,1426.5,1352.9,5
OVCA_TMA22_region_005_QUANT,1664.1,1351.2,4
OVCA_TMA22_region_005_QUANT,1686.6,1351.1,1
OVCA_TMA22_region_005_QUANT,1321.0,1354.0,0
OVCA_TMA22_region_005_QUANT,1649.0,1355.8,0
OVCA_TMA22_region_005_QUANT,112.03,1356.5,3
OVCA_TMA22_region_005_QUANT,160.69,1358.5,3
OVCA_TMA22_region_005_QUANT,235.49,1356.1,3
OVCA_TMA22_region_005_QUANT,1183.7,1356.4,7
OVCA_TMA22_region_005_QUANT,1788.2,1357.1,1
OVCA_TMA22_region_005_QUANT,424.69,1358.3,2
OVCA_TMA22_region_005_QUANT,947.09,1359.7,6
OVCA_TMA22_region_005_QUANT,1616.1,1359.4,4
OVCA_TMA22_region_005_QUANT,1422.0,1362.6,5
OVCA_TMA22_region_005_QUANT,1486.9,1361.3,0
OVCA_TMA22_region_005_QUANT,1548.9,1361.9,0
OVCA_TMA22_region_005_QUANT,1854.9,1361.3,6
OVCA_TMA22_region_005_QUANT,1522.3,1364.4,1
OVCA_TMA22_region_005_QUANT,1382.2,1365.5,5
OVCA_TMA22_region_005_QUANT,273.0,1368.2,5
OVCA_TMA22_region_005_QUANT,1633.4,1365.9,4
OVCA_TMA22_region_005_QUANT,144.24,1368.9,2
OVCA_TMA22_region_005_QUANT,976.96,1371.9,6
OVCA_TMA22_region_005_QUANT,876.84,1374.1,6
OVCA_TMA22_region_005_QUANT,1419.3,1373.5,5
OVCA_TMA22_region_005_QUANT,1601.8,1375.2,4
OVCA_TMA22_region_005_QUANT,1329.2,1375.8,0
OVCA_TMA22_region_005_QUANT,1450.3,1377.6,3
OVCA_TMA22_region_005_QUANT,1498.7,1376.1,1
OVCA_TMA22_region_005_QUANT,1773.3,1375.8,1
OVCA_TMA22_region_005_QUANT,1808.0,1376.5,0
OVCA_TMA22_region_005_QUANT,130.34,1376.7,3
OVCA_TMA22_region_005_QUANT,320.35,1377.3,3
OVCA_TMA22_region_005_QUANT,1134.3,1377.3,0
OVCA_TMA22_region_005_QUANT,1219.6,1376.6,2
OVCA_TMA22_region_005_QUANT,838.08,1380.2,2
OVCA_TMA22_region_005_QUANT,1679.4,1378.7,3
OVCA_TMA22_region_005_QUANT,1700.6,1378.4,3
OVCA_TMA22_region_005_QUANT,1830.4,1381.1,0
OVCA_TMA22_region_005_QUANT,1555.4,1381.2,3
OVCA_TMA22_region_005_QUANT,1718.0,1381.6,4
OVCA_TMA22_region_005_QUANT,1736.4,1380.3,1
OVCA_TMA22_region_005_QUANT,375.96,1381.3,2
OVCA_TMA22_region_005_QUANT,723.8,1382.0,2
OVCA_TMA22_region_005_QUANT,1038.6,1382.0,6
OVCA_TMA22_region_005_QUANT,1172.0,1382.7,7
OVCA_TMA22_region_005_QUANT,1534.0,1383.1,0
OVCA_TMA22_region_005_QUANT,1400.8,1385.3,5
OVCA_TMA22_region_005_QUANT,258.24,1390.1,5
OVCA_TMA22_region_005_QUANT,790.76,1389.8,2
OVCA_TMA22_region_005_QUANT,1648.5,1390.4,4
OVCA_TMA22_region_005_QUANT,1791.0,1390.6,3
OVCA_TMA22_region_005_QUANT,1546.6,1389.5,0
OVCA_TMA22_region_005_QUANT,640.8,1394.0,2
OVCA_TMA22_region_005_QUANT,699.54,1395.1,2
OVCA_TMA22_region_005_QUANT,1609.4,1396.3,4
OVCA_TMA22_region_005_QUANT,867.78,1395.3,6
OVCA_TMA22_region_005_QUANT,953.35,1395.8,6
OVCA_TMA22_region_005_QUANT,1423.0,1395.2,7
OVCA_TMA22_region_005_QUANT,1591.9,1395.4,4
OVCA_TMA22_region_005_QUANT,1392.0,1395.7,5
OVCA_TMA22_region_005_QUANT,1721.9,1395.5,1
OVCA_TMA22_region_005_QUANT,1490.6,1399.0,4
OVCA_TMA22_region_005_QUANT,1515.3,1397.5,4
OVCA_TMA22_region_005_QUANT,823.66,1400.2,2
OVCA_TMA22_region_005_QUANT,289.21,1400.9,5
OVCA_TMA22_region_005_QUANT,1002.3,1401.4,6
OVCA_TMA22_region_005_QUANT,1679.3,1399.1,1
OVCA_TMA22_region_005_QUANT,1739.1,1400.5,1
OVCA_TMA22_region_005_QUANT,1189.2,1401.7,7
OVCA_TMA22_region_005_QUANT,1772.8,1403.2,1
OVCA_TMA22_region_005_QUANT,1815.8,1403.4,4
OVCA_TMA22_region_005_QUANT,1444.0,1404.7,0
OVCA_TMA22_region_005_QUANT,1751.5,1404.8,1
OVCA_TMA22_region_005_QUANT,1835.4,1404.9,1
OVCA_TMA22_region_005_QUANT,171.1,1405.7,5
OVCA_TMA22_region_005_QUANT,358.87,1407.4,5
OVCA_TMA22_region_005_QUANT,1559.6,1408.0,1
OVCA_TMA22_region_005_QUANT,600.18,1408.0,3
OVCA_TMA22_region_005_QUANT,1068.3,1409.8,6
OVCA_TMA22_region_005_QUANT,1423.4,1408.8,7
OVCA_TMA22_region_005_QUANT,1793.7,1410.6,1
OVCA_TMA22_region_005_QUANT,798.04,1410.8,2
OVCA_TMA22_region_005_QUANT,1622.1,1412.0,1
OVCA_TMA22_region_005_QUANT,321.23,1412.1,5
OVCA_TMA22_region_005_QUANT,1646.4,1412.0,4
OVCA_TMA22_region_005_QUANT,338.37,1413.2,7
OVCA_TMA22_region_005_QUANT,1583.1,1413.4,4
OVCA_TMA22_region_005_QUANT,1664.0,1413.7,0
OVCA_TMA22_region_005_QUANT,1728.4,1413.5,1
OVCA_TMA22_region_005_QUANT,871.64,1415.5,6
OVCA_TMA22_region_005_QUANT,1488.4,1414.4,0
OVCA_TMA22_region_005_QUANT,1690.6,1417.1,1
OVCA_TMA22_region_005_QUANT,1473.7,1418.1,0
OVCA_TMA22_region_005_QUANT,888.49,1419.9,6
OVCA_TMA22_region_005_QUANT,1606.2,1420.5,3
OVCA_TMA22_region_005_QUANT,1770.6,1418.3,4
OVCA_TMA22_region_005_QUANT,849.23,1420.2,2
OVCA_TMA22_region_005_QUANT,471.5,1422.1,3
OVCA_TMA22_region_005_QUANT,1539.8,1422.8,1
OVCA_TMA22_region_005_QUANT,1826.4,1422.4,1
OVCA_TMA22_region_005_QUANT,130.76,1426.4,7
OVCA_TMA22_region_005_QUANT,396.2,1425.2,2
OVCA_TMA22_region_005_QUANT,421.7,1426.5,0
OVCA_TMA22_region_005_QUANT,1631.3,1426.3,1
OVCA_TMA22_region_005_QUANT,774.64,1428.3,6
OVCA_TMA22_region_005_QUANT,1704.4,1428.0,4
OVCA_TMA22_region_005_QUANT,1798.2,1429.8,1
OVCA_TMA22_region_005_QUANT,219.38,1431.2,5
OVCA_TMA22_region_005_QUANT,1661.4,1430.2,0
OVCA_TMA22_region_005_QUANT,285.83,1432.2,2
OVCA_TMA22_region_005_QUANT,1397.1,1431.0,5
OVCA_TMA22_region_005_QUANT,1776.9,1431.1,1
OVCA_TMA22_region_005_QUANT,552.78,1434.2,3
OVCA_TMA22_region_005_QUANT,120.08,1433.2,7
OVCA_TMA22_region_005_QUANT,1419.8,1434.0,4
OVCA_TMA22_region_005_QUANT,1441.3,1436.4,3
OVCA_TMA22_region_005_QUANT,173.51,1435.4,3
OVCA_TMA22_region_005_QUANT,1211.7,1435.8,7
OVCA_TMA22_region_005_QUANT,1575.3,1436.2,1
OVCA_TMA22_region_005_QUANT,1594.5,1436.7,0
OVCA_TMA22_region_005_QUANT,745.68,1436.6,6
OVCA_TMA22_region_005_QUANT,817.3,1436.4,2
OVCA_TMA22_region_005_QUANT,1820.3,1437.5,1
OVCA_TMA22_region_005_QUANT,193.9,1437.7,5
OVCA_TMA22_region_005_QUANT,940.91,1438.0,6
OVCA_TMA22_region_005_QUANT,1480.0,1438.4,7
OVCA_TMA22_region_005_QUANT,967.92,1439.6,6
OVCA_TMA22_region_005_QUANT,1375.9,1440.9,7
OVCA_TMA22_region_005_QUANT,1758.3,1438.4,1
OVCA_TMA22_region_005_QUANT,139.09,1440.3,5
OVCA_TMA22_region_005_QUANT,272.16,1441.1,5
OVCA_TMA22_region_005_QUANT,403.55,1441.9,2
OVCA_TMA22_region_005_QUANT,1055.3,1444.1,6
OVCA_TMA22_region_005_QUANT,1562.0,1443.7,1
OVCA_TMA22_region_005_QUANT,1612.7,1444.4,1
OVCA_TMA22_region_005_QUANT,1633.5,1443.1,1
OVCA_TMA22_region_005_QUANT,1678.8,1443.8,0
OVCA_TMA22_region_005_QUANT,847.43,1448.1,2
OVCA_TMA22_region_005_QUANT,1226.1,1447.2,0
OVCA_TMA22_region_005_QUANT,1739.6,1447.3,1
OVCA_TMA22_region_005_QUANT,711.02,1448.6,6
OVCA_TMA22_region_005_QUANT,765.35,1447.9,6
OVCA_TMA22_region_005_QUANT,908.32,1448.5,6
OVCA_TMA22_region_005_QUANT,1007.0,1447.6,6
OVCA_TMA22_region_005_QUANT,1463.2,1449.0,0
OVCA_TMA22_region_005_QUANT,1533.9,1447.5,1
OVCA_TMA22_region_005_QUANT,1795.2,1449.5,1
OVCA_TMA22_region_005_QUANT,1395.5,1453.0,5
OVCA_TMA22_region_005_QUANT,1322.8,1454.0,0
OVCA_TMA22_region_005_QUANT,1814.2,1452.0,1
OVCA_TMA22_region_005_QUANT,872.15,1454.5,6
OVCA_TMA22_region_005_QUANT,1375.8,1455.8,7
OVCA_TMA22_region_005_QUANT,261.3,1458.4,3
OVCA_TMA22_region_005_QUANT,516.12,1458.3,2
OVCA_TMA22_region_005_QUANT,1476.3,1459.1,4
OVCA_TMA22_region_005_QUANT,274.3,1460.2,7
OVCA_TMA22_region_005_QUANT,315.57,1459.5,3
OVCA_TMA22_region_005_QUANT,408.14,1462.4,2
OVCA_TMA22_region_005_QUANT,490.35,1459.7,2
OVCA_TMA22_region_005_QUANT,825.03,1458.8,6
OVCA_TMA22_region_005_QUANT,1208.8,1459.0,7
OVCA_TMA22_region_005_QUANT,623.04,1460.5,5
OVCA_TMA22_region_005_QUANT,896.88,1461.4,6
OVCA_TMA22_region_005_QUANT,1344.8,1461.6,5
OVCA_TMA22_region_005_QUANT,1501.7,1463.5,1
OVCA_TMA22_region_005_QUANT,290.79,1463.6,7
OVCA_TMA22_region_005_QUANT,679.81,1463.2,6
OVCA_TMA22_region_005_QUANT,938.34,1462.7,6
OVCA_TMA22_region_005_QUANT,1783.0,1463.4,0
OVCA_TMA22_region_005_QUANT,778.14,1465.2,6
OVCA_TMA22_region_005_QUANT,164.02,1467.1,3
OVCA_TMA22_region_005_QUANT,1389.9,1466.9,7
OVCA_TMA22_region_005_QUANT,1541.6,1466.4,1
OVCA_TMA22_region_005_QUANT,1736.0,1465.9,1
OVCA_TMA22_region_005_QUANT,1801.2,1466.2,4
OVCA_TMA22_region_005_QUANT,553.2,1470.1,0
OVCA_TMA22_region_005_QUANT,1581.4,1469.9,1
OVCA_TMA22_region_005_QUANT,1631.4,1470.1,4
OVCA_TMA22_region_005_QUANT,1769.0,1463.8,1
OVCA_TMA22_region_005_QUANT,1040.7,1471.6,6
OVCA_TMA22_region_005_QUANT,1292.3,1472.1,2
OVCA_TMA22_region_005_QUANT,1606.7,1469.8,0
OVCA_TMA22_region_005_QUANT,1415.8,1471.8,0
OVCA_TMA22_region_005_QUANT,1708.2,1471.4,0
OVCA_TMA22_region_005_QUANT,1434.2,1475.9,0
OVCA_TMA22_region_005_QUANT,747.05,1475.9,6
OVCA_TMA22_region_005_QUANT,1306.8,1476.4,2
OVCA_TMA22_region_005_QUANT,1462.6,1479.2,0
OVCA_TMA22_region_005_QUANT,1475.5,1479.5,3
OVCA_TMA22_region_005_QUANT,1561.0,1478.7,1
OVCA_TMA22_region_005_QUANT,1664.3,1480.0,1
OVCA_TMA22_region_005_QUANT,516.74,1480.0,3
OVCA_TMA22_region_005_QUANT,1388.1,1479.7,7
OVCA_TMA22_region_005_QUANT,406.6,1481.8,3
OVCA_TMA22_region_005_QUANT,1450.3,1482.1,0
OVCA_TMA22_region_005_QUANT,1791.0,1481.5,4
OVCA_TMA22_region_005_QUANT,1368.4,1484.5,5
OVCA_TMA22_region_005_QUANT,1520.7,1484.2,0
OVCA_TMA22_region_005_QUANT,188.26,1486.3,2
OVCA_TMA22_region_005_QUANT,704.76,1484.9,6
OVCA_TMA22_region_005_QUANT,321.82,1485.7,5
OVCA_TMA22_region_005_QUANT,574.88,1487.2,2
OVCA_TMA22_region_005_QUANT,805.4,1487.0,2
OVCA_TMA22_region_005_QUANT,1633.2,1486.0,1
OVCA_TMA22_region_005_QUANT,233.86,1488.6,5
OVCA_TMA22_region_005_QUANT,1735.0,1491.0,0
OVCA_TMA22_region_005_QUANT,265.58,1491.6,5
OVCA_TMA22_region_005_QUANT,1574.6,1490.5,1
OVCA_TMA22_region_005_QUANT,1610.2,1492.4,0
OVCA_TMA22_region_005_QUANT,1686.3,1493.3,1
OVCA_TMA22_region_005_QUANT,1764.0,1492.3,1
OVCA_TMA22_region_005_QUANT,1648.2,1492.7,1
OVCA_TMA22_region_005_QUANT,1316.8,1498.0,5
OVCA_TMA22_region_005_QUANT,1536.0,1497.9,4
OVCA_TMA22_region_005_QUANT,341.5,1499.7,3
OVCA_TMA22_region_005_QUANT,402.0,1497.8,0
OVCA_TMA22_region_005_QUANT,588.65,1499.0,2
OVCA_TMA22_region_005_QUANT,1432.9,1500.1,1
OVCA_TMA22_region_005_QUANT,1667.4,1498.7,4
OVCA_TMA22_region_005_QUANT,1375.9,1500.4,7
OVCA_TMA22_region_005_QUANT,1583.4,1504.9,1
OVCA_TMA22_region_005_QUANT,372.16,1506.5,3
OVCA_TMA22_region_005_QUANT,1247.8,1506.6,0
OVCA_TMA22_region_005_QUANT,291.2,1507.9,5
OVCA_TMA22_region_005_QUANT,566.86,1506.8,2
OVCA_TMA22_region_005_QUANT,1556.7,1509.8,1
OVCA_TMA22_region_005_QUANT,1617.7,1507.2,4
OVCA_TMA22_region_005_QUANT,648.38,1509.1,2
OVCA_TMA22_region_005_QUANT,1462.8,1509.4,1
OVCA_TMA22_region_005_QUANT,1511.1,1509.6,1
OVCA_TMA22_region_005_QUANT,1634.8,1509.1,4
OVCA_TMA22_region_005_QUANT,1733.5,1509.1,1
OVCA_TMA22_region_005_QUANT,1674.6,1509.8,4
OVCA_TMA22_region_005_QUANT,1771.0,1509.2,1
OVCA_TMA22_region_005_QUANT,789.07,1510.3,2
OVCA_TMA22_region_005_QUANT,1357.2,1513.0,5
OVCA_TMA22_region_005_QUANT,1526.8,1511.9,1
OVCA_TMA22_region_005_QUANT,527.52,1514.1,2
OVCA_TMA22_region_005_QUANT,1604.5,1512.3,0
OVCA_TMA22_region_005_QUANT,1424.7,1516.5,0
OVCA_TMA22_region_005_QUANT,1655.6,1514.4,1
OVCA_TMA22_region_005_QUANT,1714.2,1519.0,1
OVCA_TMA22_region_005_QUANT,288.78,1520.8,5
OVCA_TMA22_region_005_QUANT,955.77,1522.0,6
OVCA_TMA22_region_005_QUANT,1689.0,1525.7,1
OVCA_TMA22_region_005_QUANT,323.16,1527.6,5
OVCA_TMA22_region_005_QUANT,564.42,1527.1,2
OVCA_TMA22_region_005_QUANT,1322.1,1527.2,5
OVCA_TMA22_region_005_QUANT,1621.5,1522.5,4
OVCA_TMA22_region_005_QUANT,1449.7,1527.5,1
OVCA_TMA22_region_005_QUANT,934.49,1529.2,6
OVCA_TMA22_region_005_QUANT,1569.1,1527.7,1
OVCA_TMA22_region_005_QUANT,589.91,1531.2,2
OVCA_TMA22_region_005_QUANT,1541.1,1531.3,0
OVCA_TMA22_region_005_QUANT,1433.9,1531.9,0
OVCA_TMA22_region_005_QUANT,1468.6,1532.4,0
OVCA_TMA22_region_005_QUANT,1738.8,1532.8,1
OVCA_TMA22_region_005_QUANT,359.89,1534.1,2
OVCA_TMA22_region_005_QUANT,1505.6,1534.5,1
OVCA_TMA22_region_005_QUANT,1638.6,1532.2,3
OVCA_TMA22_region_005_QUANT,337.99,1535.3,5
OVCA_TMA22_region_005_QUANT,288.35,1536.8,5
OVCA_TMA22_region_005_QUANT,1346.2,1538.2,7
OVCA_TMA22_region_005_QUANT,629.49,1541.8,2
OVCA_TMA22_region_005_QUANT,573.59,1540.7,2
OVCA_TMA22_region_005_QUANT,918.74,1542.6,2
OVCA_TMA22_region_005_QUANT,1697.8,1540.5,1
OVCA_TMA22_region_005_QUANT,956.59,1543.3,6
OVCA_TMA22_region_005_QUANT,1278.9,1543.3,7
OVCA_TMA22_region_005_QUANT,1530.7,1544.3,1
OVCA_TMA22_region_005_QUANT,1611.5,1544.4,0
OVCA_TMA22_region_005_QUANT,557.97,1544.7,2
OVCA_TMA22_region_005_QUANT,1418.9,1545.7,0
OVCA_TMA22_region_005_QUANT,1716.9,1546.4,4
OVCA_TMA22_region_005_QUANT,1753.3,1548.2,1
OVCA_TMA22_region_005_QUANT,491.45,1549.3,3
OVCA_TMA22_region_005_QUANT,1434.1,1552.1,3
OVCA_TMA22_region_005_QUANT,1455.3,1552.1,1
OVCA_TMA22_region_005_QUANT,1663.9,1549.2,3
OVCA_TMA22_region_005_QUANT,1681.7,1553.4,4
OVCA_TMA22_region_005_QUANT,1393.1,1555.1,4
OVCA_TMA22_region_005_QUANT,1559.3,1555.2,4
OVCA_TMA22_region_005_QUANT,940.58,1555.5,6
OVCA_TMA22_region_005_QUANT,1492.2,1555.2,0
OVCA_TMA22_region_005_QUANT,1589.5,1554.4,4
OVCA_TMA22_region_005_QUANT,319.12,1558.5,5
OVCA_TMA22_region_005_QUANT,479.45,1557.7,2
OVCA_TMA22_region_005_QUANT,1516.6,1557.2,1
OVCA_TMA22_region_005_QUANT,590.5,1558.3,2
OVCA_TMA22_region_005_QUANT,1294.1,1560.4,7
OVCA_TMA22_region_005_QUANT,340.55,1561.7,5
OVCA_TMA22_region_005_QUANT,1735.2,1559.8,1
OVCA_TMA22_region_005_QUANT,1629.4,1565.5,1
OVCA_TMA22_region_005_QUANT,1610.3,1566.6,4
OVCA_TMA22_region_005_QUANT,1660.9,1565.5,1
OVCA_TMA22_region_005_QUANT,299.07,1568.3,3
OVCA_TMA22_region_005_QUANT,662.41,1567.5,2
OVCA_TMA22_region_005_QUANT,1485.8,1567.9,3
OVCA_TMA22_region_005_QUANT,1169.0,1567.8,7
OVCA_TMA22_region_005_QUANT,1370.7,1571.8,0
OVCA_TMA22_region_005_QUANT,1426.5,1570.3,1
OVCA_TMA22_region_005_QUANT,1671.4,1570.9,3
OVCA_TMA22_region_005_QUANT,321.59,1574.4,5
OVCA_TMA22_region_005_QUANT,1388.6,1572.7,1
OVCA_TMA22_region_005_QUANT,1408.1,1572.6,4
OVCA_TMA22_region_005_QUANT,1446.1,1570.9,1
OVCA_TMA22_region_005_QUANT,1522.9,1574.9,1
OVCA_TMA22_region_005_QUANT,1497.3,1573.8,0
OVCA_TMA22_region_005_QUANT,1725.2,1574.8,0
OVCA_TMA22_region_005_QUANT,1541.1,1575.4,4
OVCA_TMA22_region_005_QUANT,1210.4,1578.4,7
OVCA_TMA22_region_005_QUANT,1262.8,1578.9,7
OVCA_TMA22_region_005_QUANT,1586.8,1582.5,1
OVCA_TMA22_region_005_QUANT,1557.9,1579.6,3
OVCA_TMA22_region_005_QUANT,1461.5,1585.3,0
OVCA_TMA22_region_005_QUANT,1603.7,1585.8,4
OVCA_TMA22_region_005_QUANT,1628.3,1585.1,0
OVCA_TMA22_region_005_QUANT,594.79,1588.2,3
OVCA_TMA22_region_005_QUANT,1669.6,1585.3,3
OVCA_TMA22_region_005_QUANT,1184.2,1587.5,7
OVCA_TMA22_region_005_QUANT,1244.7,1589.0,3
OVCA_TMA22_region_005_QUANT,1275.6,1586.9,3
OVCA_TMA22_region_005_QUANT,1360.1,1588.8,0
OVCA_TMA22_region_005_QUANT,506.48,1590.0,5
OVCA_TMA22_region_005_QUANT,1381.3,1588.9,0
OVCA_TMA22_region_005_QUANT,1521.3,1588.5,1
OVCA_TMA22_region_005_QUANT,334.13,1592.7,5
OVCA_TMA22_region_005_QUANT,1440.2,1592.4,4
OVCA_TMA22_region_005_QUANT,1571.3,1592.8,3
OVCA_TMA22_region_005_QUANT,1338.9,1595.6,3
OVCA_TMA22_region_005_QUANT,426.49,1596.5,2
OVCA_TMA22_region_005_QUANT,1404.0,1596.9,0
OVCA_TMA22_region_005_QUANT,1547.7,1595.2,4
OVCA_TMA22_region_005_QUANT,1480.1,1598.6,0
OVCA_TMA22_region_005_QUANT,1714.2,1599.2,7
OVCA_TMA22_region_005_QUANT,1647.9,1600.4,3
OVCA_TMA22_region_005_QUANT,1596.7,1600.9,4
OVCA_TMA22_region_005_QUANT,1316.6,1604.0,0
OVCA_TMA22_region_005_QUANT,1236.3,1603.9,0
OVCA_TMA22_region_005_QUANT,1387.2,1606.8,0
OVCA_TMA22_region_005_QUANT,1468.2,1606.7,0
OVCA_TMA22_region_005_QUANT,298.74,1609.2,2
OVCA_TMA22_region_005_QUANT,1578.1,1608.1,4
OVCA_TMA22_region_005_QUANT,1500.4,1611.3,4
OVCA_TMA22_region_005_QUANT,1373.9,1614.2,1
OVCA_TMA22_region_005_QUANT,1417.4,1612.2,1
OVCA_TMA22_region_005_QUANT,1443.7,1614.5,0
OVCA_TMA22_region_005_QUANT,1677.5,1613.6,0
OVCA_TMA22_region_005_QUANT,658.16,1615.2,5
OVCA_TMA22_region_005_QUANT,1281.9,1615.8,0
OVCA_TMA22_region_005_QUANT,1557.8,1613.6,3
OVCA_TMA22_region_005_QUANT,1659.6,1613.4,4
OVCA_TMA22_region_005_QUANT,1344.8,1617.7,1
OVCA_TMA22_region_005_QUANT,1532.6,1617.9,0
OVCA_TMA22_region_005_QUANT,566.67,1622.3,5
OVCA_TMA22_region_005_QUANT,1477.5,1620.5,0
OVCA_TMA22_region_005_QUANT,1643.0,1620.8,4
OVCA_TMA22_region_005_QUANT,347.84,1623.1,2
OVCA_TMA22_region_005_QUANT,1613.6,1624.1,3
OVCA_TMA22_region_005_QUANT,1361.0,1625.5,1
OVCA_TMA22_region_005_QUANT,1396.3,1627.6,4
OVCA_TMA22_region_005_QUANT,1576.5,1627.8,4
OVCA_TMA22_region_005_QUANT,1174.6,1630.7,0
OVCA_TMA22_region_005_QUANT,1245.5,1630.3,4
OVCA_TMA22_region_005_QUANT,1526.0,1633.9,0
OVCA_TMA22_region_005_QUANT,306.63,1636.2,7
OVCA_TMA22_region_005_QUANT,1319.2,1638.2,1
OVCA_TMA22_region_005_QUANT,1437.7,1636.2,0
OVCA_TMA22_region_005_QUANT,1666.3,1637.5,1
OVCA_TMA22_region_005_QUANT,1298.8,1639.4,1
OVCA_TMA22_region_005_QUANT,1460.8,1637.8,4
OVCA_TMA22_region_005_QUANT,1511.6,1638.2,1
OVCA_TMA22_region_005_QUANT,1543.2,1639.9,4
OVCA_TMA22_region_005_QUANT,1387.5,1641.1,0
OVCA_TMA22_region_005_QUANT,1412.7,1641.6,0
OVCA_TMA22_region_005_QUANT,332.0,1641.6,5
OVCA_TMA22_region_005_QUANT,393.98,1642.2,3
OVCA_TMA22_region_005_QUANT,1339.1,1636.9,1
OVCA_TMA22_region_005_QUANT,257.14,1645.2,5
OVCA_TMA22_region_005_QUANT,1231.7,1648.2,1
OVCA_TMA22_region_005_QUANT,422.91,1651.3,5
OVCA_TMA22_region_005_QUANT,1214.0,1651.2,1
OVCA_TMA22_region_005_QUANT,1281.7,1651.8,0
OVCA_TMA22_region_005_QUANT,1473.1,1650.2,0
OVCA_TMA22_region_005_QUANT,1599.6,1649.6,3
OVCA_TMA22_region_005_QUANT,1433.8,1652.7,1
OVCA_TMA22_region_005_QUANT,1521.3,1652.4,0
OVCA_TMA22_region_005_QUANT,1648.1,1653.5,0
OVCA_TMA22_region_005_QUANT,1558.6,1655.5,0
OVCA_TMA22_region_005_QUANT,1379.7,1656.6,1
OVCA_TMA22_region_005_QUANT,1415.1,1658.2,1
OVCA_TMA22_region_005_QUANT,1317.0,1658.0,4
OVCA_TMA22_region_005_QUANT,653.59,1659.4,5
OVCA_TMA22_region_005_QUANT,1586.6,1662.3,1
OVCA_TMA22_region_005_QUANT,1362.4,1665.0,3
OVCA_TMA22_region_005_QUANT,1253.0,1665.6,4
OVCA_TMA22_region_005_QUANT,1463.8,1665.4,0
OVCA_TMA22_region_005_QUANT,401.88,1666.4,2
OVCA_TMA22_region_005_QUANT,1219.1,1665.4,0
OVCA_TMA22_region_005_QUANT,1235.6,1668.6,0
OVCA_TMA22_region_005_QUANT,1281.5,1667.9,4
OVCA_TMA22_region_005_QUANT,1608.0,1667.6,3
OVCA_TMA22_region_005_QUANT,1637.5,1667.7,3
OVCA_TMA22_region_005_QUANT,514.75,1671.1,7
OVCA_TMA22_region_005_QUANT,1335.4,1673.3,4
OVCA_TMA22_region_005_QUANT,1396.9,1673.9,1
OVCA_TMA22_region_005_QUANT,1568.6,1673.4,3
OVCA_TMA22_region_005_QUANT,1417.3,1672.9,1
OVCA_TMA22_region_005_QUANT,766.73,1674.9,3
OVCA_TMA22_region_005_QUANT,1378.5,1677.3,1
OVCA_TMA22_region_005_QUANT,1481.9,1675.5,0
OVCA_TMA22_region_005_QUANT,1352.5,1678.4,4
OVCA_TMA22_region_005_QUANT,1297.2,1679.3,4
OVCA_TMA22_region_005_QUANT,1319.0,1680.2,4
OVCA_TMA22_region_005_QUANT,1268.0,1681.7,1
OVCA_TMA22_region_005_QUANT,1553.6,1682.6,3
OVCA_TMA22_region_005_QUANT,1444.8,1684.7,1
OVCA_TMA22_region_005_QUANT,1527.8,1684.5,1
OVCA_TMA22_region_005_QUANT,1623.1,1685.5,0
OVCA_TMA22_region_005_QUANT,721.93,1683.9,5
OVCA_TMA22_region_005_QUANT,592.48,1689.5,5
OVCA_TMA22_region_005_QUANT,1465.5,1687.7,1
OVCA_TMA22_region_005_QUANT,1581.9,1688.1,0
OVCA_TMA22_region_005_QUANT,1596.6,1688.8,1
OVCA_TMA22_region_005_QUANT,1485.8,1689.2,1
OVCA_TMA22_region_005_QUANT,397.44,1690.0,2
OVCA_TMA22_region_005_QUANT,1239.0,1691.7,1
OVCA_TMA22_region_005_QUANT,1307.8,1690.7,0
OVCA_TMA22_region_005_QUANT,1365.8,1691.7,1
OVCA_TMA22_region_005_QUANT,1406.7,1692.2,4
OVCA_TMA22_region_005_QUANT,1285.2,1694.6,4
OVCA_TMA22_region_005_QUANT,1338.1,1695.1,0
OVCA_TMA22_region_005_QUANT,1384.6,1694.4,1
OVCA_TMA22_region_005_QUANT,359.36,1698.8,5
OVCA_TMA22_region_005_QUANT,1267.6,1699.2,4
OVCA_TMA22_region_005_QUANT,420.62,1703.0,5
OVCA_TMA22_region_005_QUANT,1353.8,1701.5,1
OVCA_TMA22_region_005_QUANT,1430.2,1703.2,1
OVCA_TMA22_region_005_QUANT,1326.9,1704.6,4
OVCA_TMA22_region_005_QUANT,1508.5,1705.5,0
OVCA_TMA22_region_005_QUANT,763.55,1707.0,7
OVCA_TMA22_region_005_QUANT,1468.5,1707.3,1
OVCA_TMA22_region_005_QUANT,323.12,1710.6,5
OVCA_TMA22_region_005_QUANT,1313.7,1710.0,1
OVCA_TMA22_region_005_QUANT,1376.1,1711.4,3
OVCA_TMA22_region_005_QUANT,1594.4,1711.6,0
OVCA_TMA22_region_005_QUANT,1294.4,1712.2,0
OVCA_TMA22_region_005_QUANT,1615.6,1713.0,1
OVCA_TMA22_region_005_QUANT,1361.5,1714.7,4
OVCA_TMA22_region_005_QUANT,1523.6,1714.3,1
OVCA_TMA22_region_005_QUANT,1205.2,1714.7,1
OVCA_TMA22_region_005_QUANT,1631.4,1718.1,1
OVCA_TMA22_region_005_QUANT,1346.2,1719.3,0
OVCA_TMA22_region_005_QUANT,1477.9,1717.0,0
OVCA_TMA22_region_005_QUANT,458.03,1720.5,5
OVCA_TMA22_region_005_QUANT,547.36,1719.8,5
OVCA_TMA22_region_005_QUANT,1408.8,1719.5,1
OVCA_TMA22_region_005_QUANT,1450.0,1720.8,1
OVCA_TMA22_region_005_QUANT,775.52,1724.5,7
OVCA_TMA22_region_005_QUANT,1269.2,1723.2,0
OVCA_TMA22_region_005_QUANT,1330.3,1723.4,1
OVCA_TMA22_region_005_QUANT,391.02,1725.1,7
OVCA_TMA22_region_005_QUANT,1289.4,1728.9,1
OVCA_TMA22_region_005_QUANT,1497.2,1730.1,0
OVCA_TMA22_region_005_QUANT,1617.5,1730.6,1
OVCA_TMA22_region_005_QUANT,583.82,1731.1,5
OVCA_TMA22_region_005_QUANT,1363.8,1730.9,1
OVCA_TMA22_region_005_QUANT,1384.1,1731.9,3
OVCA_TMA22_region_005_QUANT,1531.3,1731.1,3
OVCA_TMA22_region_005_QUANT,1341.6,1735.1,3
OVCA_TMA22_region_005_QUANT,1601.2,1738.0,3
OVCA_TMA22_region_005_QUANT,1458.4,1736.8,1
OVCA_TMA22_region_005_QUANT,1318.6,1738.4,1
OVCA_TMA22_region_005_QUANT,1517.6,1745.8,3
OVCA_TMA22_region_005_QUANT,385.26,1747.2,5
OVCA_TMA22_region_005_QUANT,1205.5,1746.8,1
OVCA_TMA22_region_005_QUANT,777.42,1748.4,0
OVCA_TMA22_region_005_QUANT,1269.5,1748.8,3
OVCA_TMA22_region_005_QUANT,1185.2,1751.9,0
OVCA_TMA22_region_005_QUANT,1544.7,1753.4,0
OVCA_TMA22_region_005_QUANT,1583.8,1753.6,4
OVCA_TMA22_region_005_QUANT,1603.3,1753.3,1
OVCA_TMA22_region_005_QUANT,1410.9,1754.9,1
OVCA_TMA22_region_005_QUANT,1450.3,1758.1,1
OVCA_TMA22_region_005_QUANT,1495.0,1758.7,1
OVCA_TMA22_region_005_QUANT,1346.2,1760.7,1
OVCA_TMA22_region_005_QUANT,1431.6,1761.7,4
OVCA_TMA22_region_005_QUANT,694.69,1763.1,7
OVCA_TMA22_region_005_QUANT,1390.7,1765.3,1
OVCA_TMA22_region_005_QUANT,1557.8,1768.1,3
OVCA_TMA22_region_005_QUANT,1260.3,1770.0,1
OVCA_TMA22_region_005_QUANT,1573.3,1768.0,0
OVCA_TMA22_region_005_QUANT,1544.3,1770.2,3
OVCA_TMA22_region_005_QUANT,1293.7,1774.6,0
OVCA_TMA22_region_005_QUANT,1417.9,1775.7,0
OVCA_TMA22_region_005_QUANT,1361.1,1774.8,0
OVCA_TMA22_region_005_QUANT,1484.0,1772.0,1
OVCA_TMA22_region_005_QUANT,1194.8,1776.9,1
OVCA_TMA22_region_005_QUANT,1432.3,1777.4,4
OVCA_TMA22_region_005_QUANT,1531.5,1781.9,4
OVCA_TMA22_region_005_QUANT,1219.1,1784.5,0
OVCA_TMA22_region_005_QUANT,1468.6,1784.6,0
OVCA_TMA22_region_005_QUANT,1554.6,1782.8,0
OVCA_TMA22_region_005_QUANT,1389.8,1786.5,1
OVCA_TMA22_region_005_QUANT,1245.6,1787.4,1
OVCA_TMA22_region_005_QUANT,1308.2,1788.5,1
OVCA_TMA22_region_005_QUANT,1276.7,1783.4,1
OVCA_TMA22_region_005_QUANT,1443.9,1789.6,0
OVCA_TMA22_region_005_QUANT,1510.5,1791.5,0
OVCA_TMA22_region_005_QUANT,1419.0,1794.5,1
OVCA_TMA22_region_005_QUANT,1228.3,1797.9,0
OVCA_TMA22_region_005_QUANT,1457.5,1801.7,1
OVCA_TMA22_region_005_QUANT,1244.8,1803.1,4
OVCA_TMA22_region_005_QUANT,1279.4,1802.2,1
OVCA_TMA22_region_005_QUANT,1392.4,1809.1,1
OVCA_TMA22_region_005_QUANT,1302.4,1806.8,1
OVCA_TMA22_region_005_QUANT,1331.2,1807.2,1
OVCA_TMA22_region_005_QUANT,1500.2,1807.3,1
OVCA_TMA22_region_005_QUANT,1348.1,1809.1,1
OVCA_TMA22_region_005_QUANT,1258.8,1806.6,3
OVCA_TMA22_region_005_QUANT,1432.0,1809.6,1
OVCA_TMA22_region_005_QUANT,1447.0,1813.0,1
OVCA_TMA22_region_005_QUANT,1412.3,1814.4,1
OVCA_TMA22_region_005_QUANT,1475.1,1816.7,0
OVCA_TMA22_region_005_QUANT,1320.0,1817.7,1
OVCA_TMA22_region_005_QUANT,1241.7,1822.9,0
OVCA_TMA22_region_005_QUANT,1490.8,1819.5,1
OVCA_TMA22_region_005_QUANT,1267.1,1825.5,1
OVCA_TMA22_region_005_QUANT,1297.4,1823.9,1
OVCA_TMA22_region_005_QUANT,1345.1,1830.5,1
OVCA_TMA22_region_005_QUANT,1381.1,1831.4,1
OVCA_TMA22_region_005_QUANT,1451.8,1831.4,0
OVCA_TMA22_region_005_QUANT,1286.6,1834.1,1
OVCA_TMA22_region_005_QUANT,1416.6,1835.4,0
OVCA_TMA22_region_005_QUANT,1237.0,1838.7,0
OVCA_TMA22_region_005_QUANT,1256.9,1840.7,4
OVCA_TMA22_region_005_QUANT,1310.3,1847.0,1
OVCA_TMA22_region_005_QUANT,1344.8,1850.2,1
OVCA_TMA22_region_005_QUANT,1261.1,1854.2,1
