x,y,celesta_celltype,seurat_clusters
803.17,92.69,Epithelium,cluster_13
767.32,112.93,Epithelium,cluster_0
1160.6,116.33,Epithelium,cluster_13
1037.7,117.88,Endothelium,cluster_13
797.36,120.63,Epithelium,cluster_13
1086.6,120.93,Endothelium,cluster_13
974.36,125.55,Epithelium,cluster_13
1175.1,128.75,Epithelium,cluster_13
839.84,137.6,Endothelium,cluster_13
787.56,142.07,Epithelium,cluster_13
866.3,142.65,Endothelium,cluster_13
1013.8,147.47,Endothelium,cluster_13
818.35,149,Epithelium,cluster_13
892.03,151.32,Endothelium,cluster_13
1069.9,153.41,Endothelium,cluster_13
1224.8,153.55,Endothelium,cluster_13
1024.6,158.07,Endothelium,cluster_13
840.93,158.64,Epithelium,cluster_13
1216.3,163.47,Endothelium,cluster_13
961.77,168.47,Endothelium,cluster_13
1167.3,177.98,Epithelium,cluster_13
1105.8,181.15,Endothelium,cluster_13
877.96,183.33,Epithelium,cluster_13
860.2,184.51,Epithelium,cluster_13
1227.6,187.6,Endothelium,cluster_13
1243.9,191.29,Endothelium,cluster_13
1259.8,192.18,Endothelium,cluster_13
828.88,197.08,Epithelium,cluster_13
867.44,202.19,Epithelium,cluster_13
918.88,203.84,Epithelium,cluster_13
1026.5,209.43,Epithelium,cluster_13
671.72,225.67,Endothelium,cluster_16
702.03,230.24,Unknown,cluster_13
1134.1,230.76,Endothelium,cluster_13
1128.8,248.57,Endothelium,cluster_13
1300.8,257.48,Endothelium,cluster_13
934.1,259.04,Endothelium,cluster_0
1296.2,276.24,Endothelium,cluster_13
923.48,290.62,Endothelium,cluster_10
455.75,291.91,Endothelium,cluster_7
448.26,314.73,Endothelium,cluster_13
860.32,317.91,Endothelium,cluster_7
1071.4,331.11,Endothelium,cluster_7
1366.2,334.36,Unknown,cluster_3
1281.1,335.78,Endothelium,cluster_7
1445.7,343.73,Endothelium,cluster_4
1401.7,345.83,Endothelium,cluster_2
1428.6,345.04,Endothelium,cluster_4
1415.6,349.57,Endothelium,cluster_4
1459.1,352.42,Endothelium,cluster_4
1475.7,352.26,Endothelium,cluster_8
1539.4,353.49,Endothelium,cluster_5
1267.1,358.99,Endothelium,cluster_7
1443.9,362.4,Endothelium,cluster_4
1421.6,364.49,Endothelium,cluster_4
1467.6,373.37,Endothelium,cluster_4
1431.5,380.99,Endothelium,cluster_4
828.82,382.48,Endothelium,cluster_7
792.48,384.99,Endothelium,cluster_16
1309.2,387.95,Endothelium,cluster_3
1447.2,387.9,Endothelium,cluster_4
1146.1,390.24,Endothelium,cluster_12
766.82,396.99,Endothelium,cluster_7
1413.5,396.76,Endothelium,cluster_4
1313.4,400.63,Endothelium,cluster_4
702.25,404.11,Endothelium,cluster_7
788.1,406.16,Endothelium,cluster_7
1398.1,410.63,Endothelium,cluster_8
681.01,413.2,Endothelium,cluster_9
1285.7,414.08,Endothelium,cluster_4
1432.5,412.96,Endothelium,cluster_2
729.18,414.9,Endothelium,cluster_7
1414.6,421.55,Endothelium,cluster_8
1274.4,436.35,Endothelium,cluster_3
1370.9,448.62,Endothelium,cluster_3
1604.5,450.84,Endothelium,cluster_3
1175,452.87,Unknown,cluster_8
1541.1,463.28,Endothelium,cluster_4
1156,463.57,Endothelium,cluster_3
1559.1,466.73,Endothelium,cluster_4
1578.8,467.07,Endothelium,cluster_3
329.49,476.98,Endothelium,cluster_7
1178.6,481.56,Endothelium,cluster_3
963.12,482.86,Unknown,cluster_16
1378.3,482.77,Endothelium,cluster_3
935.97,483.97,Endothelium,cluster_4
873.29,486.04,Endothelium,cluster_9
1528.8,484.33,CD8+ T cells,cluster_7
489.61,492.22,Endothelium,cluster_16
1168.8,494.32,Endothelium,cluster_4
449.19,499.97,Endothelium,cluster_3
896.61,500.81,Endothelium,cluster_3
1535.3,499.46,Endothelium,cluster_4
1184.9,505.45,Endothelium,cluster_8
878.99,506.91,Endothelium,cluster_3
493.11,507.47,Unknown,cluster_16
913.55,509.65,Endothelium,cluster_3
1115,508.46,Endothelium,cluster_8
516.94,509.49,Endothelium,cluster_3
1389.7,512.11,Endothelium,cluster_4
974.85,514.83,Endothelium,cluster_4
1145.9,516.07,Endothelium,cluster_4
1132.4,515.54,Endothelium,cluster_4
1174,517.95,Endothelium,cluster_10
503.15,518.29,Endothelium,cluster_7
844.51,520.34,Endothelium,cluster_3
892.97,520.34,Endothelium,cluster_4
1005.4,522.31,Endothelium,cluster_10
987.9,524.16,Endothelium,cluster_10
873.51,528.78,Endothelium,cluster_3
911.48,528.47,Endothelium,cluster_10
1206.4,529.65,Endothelium,cluster_4
1584.2,530.36,Endothelium,cluster_8
855.27,532.63,Endothelium,cluster_3
1193.5,537.27,Endothelium,cluster_3
1406.9,536.8,Endothelium,cluster_7
1172.5,544.68,CD8+ T cells,cluster_3
844.93,547.02,Endothelium,cluster_3
1214.3,545.41,Endothelium,cluster_3
679.28,545.71,Endothelium,cluster_7
793.03,550.77,Unknown,cluster_8
1014.6,554.49,Endothelium,cluster_4
689.56,563.59,Endothelium,cluster_3
456.95,566.62,Endothelium,cluster_4
841.65,565.91,Endothelium,cluster_10
1187,567.35,Endothelium,cluster_2
1205.6,567.76,CD8+ T cells,cluster_2
1270.3,569.47,Endothelium,cluster_4
1250.5,570.97,Endothelium,cluster_8
362.75,573.19,Endothelium,cluster_4
1169.8,576.37,Endothelium,cluster_3
125.49,578.87,Endothelium,cluster_0
1285.8,578.58,Endothelium,cluster_7
263.54,580.45,Endothelium,cluster_7
1222.6,584.74,Endothelium,cluster_4
465.27,587.01,Endothelium,cluster_3
1142.3,589.3,Endothelium,cluster_3
1202.3,587.9,Endothelium,cluster_3
833.2,590.35,Endothelium,cluster_4
1091,595.81,Endothelium,cluster_7
1110.1,595.74,Endothelium,cluster_4
1184.2,594.83,Endothelium,cluster_2
1249.1,595.11,Endothelium,cluster_4
416.74,597.37,Endothelium,cluster_10
437.17,597.78,Endothelium,cluster_7
1161.3,596.95,Endothelium,cluster_3
126.15,600.78,Endothelium,cluster_0
295.16,603.47,Endothelium,cluster_3
1128.4,603.81,Endothelium,cluster_2
1208.5,604.72,Endothelium,cluster_3
1263.7,607.71,Endothelium,cluster_3
80.38,609.1,Endothelium,cluster_9
109.44,610.21,Endothelium,cluster_0
1086.8,608.66,Endothelium,cluster_7
154.68,612.72,Endothelium,cluster_3
1146.8,612.88,Endothelium,cluster_2
1173.2,614.91,Endothelium,cluster_2
1233.2,615.76,Unknown,cluster_3
1432.1,615.69,Endothelium,cluster_12
1194.3,616.33,Endothelium,cluster_4
1247.4,616.59,Endothelium,cluster_3
224.24,621.78,Endothelium,cluster_3
93.15,620.56,Endothelium,cluster_0
1408.6,621.37,Endothelium,cluster_7
186.15,625.89,Endothelium,cluster_3
1142.2,631,Endothelium,cluster_3
112.06,633.16,Endothelium,cluster_0
208.69,633.06,Endothelium,cluster_8
1163.7,634.15,Endothelium,cluster_2
623.85,650.16,Endothelium,cluster_3
1177.2,650.38,Endothelium,cluster_10
1156.1,656.49,Endothelium,cluster_3
363.82,658.71,Endothelium,cluster_3
1496.2,661.06,Endothelium,cluster_7
1091,666.56,Endothelium,cluster_6
1123,668,Endothelium,cluster_10
1196.1,673.72,Endothelium,cluster_1
1221.9,676.18,Endothelium,cluster_7
1137.3,677.19,Endothelium,cluster_3
1100.2,687.44,Endothelium,cluster_3
1117.2,688.55,Endothelium,cluster_3
1751.3,688.47,Endothelium,cluster_7
344.39,693.63,Endothelium,cluster_5
492.84,690.86,Endothelium,cluster_5
1232.4,692,Endothelium,cluster_7
264.51,694.29,Unknown,cluster_12
1131.7,695.63,Endothelium,cluster_4
1257.5,694.64,Epithelium,cluster_1
199.31,697.27,Endothelium,cluster_4
1211.3,695.78,Endothelium,cluster_7
373.8,699.42,Endothelium,cluster_14
890.38,698.78,Endothelium,cluster_5
1736,700.01,Endothelium,cluster_7
465.08,703.08,Endothelium,cluster_5
1144.6,706.4,Endothelium,cluster_4
321.5,708.68,Endothelium,cluster_14
909.73,708.1,Endothelium,cluster_5
1195.8,710.36,Endothelium,cluster_1
884.39,713.91,Endothelium,cluster_5
1220.7,712.15,Endothelium,cluster_7
1247.6,713.23,Endothelium,cluster_1
241.7,714.99,Endothelium,cluster_3
1120.7,716.22,Endothelium,cluster_3
205.67,716.02,Endothelium,cluster_7
1028,727.79,Endothelium,cluster_11
1176.4,725.36,Unknown,cluster_8
1104.5,728.66,Endothelium,cluster_10
1666.7,731.36,Endothelium,cluster_4
1140.2,731.92,Endothelium,cluster_6
1283.8,737.98,Endothelium,cluster_4
527.21,736.88,Endothelium,cluster_5
967.36,738.09,Endothelium,cluster_0
1160.3,737.93,Endothelium,cluster_8
1194.8,737.34,Epithelium,cluster_1
695.42,738.6,Endothelium,cluster_5
742.9,738.63,Endothelium,cluster_5
438.85,740.83,Endothelium,cluster_5
943.14,741.5,Endothelium,cluster_5
893.47,742.61,Endothelium,cluster_0
1067.3,744.07,Endothelium,cluster_11
1259,743.19,Endothelium,cluster_3
1681.3,742.73,Endothelium,cluster_4
293.74,742.82,Endothelium,cluster_5
548.09,746.55,Endothelium,cluster_5
411.58,746.74,Endothelium,cluster_9
1018,748.14,Endothelium,cluster_11
1041.7,748.56,Endothelium,cluster_11
782.6,751.54,Endothelium,cluster_0
1300.5,751.94,Endothelium,cluster_4
281.39,751.79,Endothelium,cluster_5
833.88,755.53,Endothelium,cluster_0
1660.9,754.08,Endothelium,cluster_4
1165.5,757.76,Endothelium,cluster_8
1213.9,757.53,Epithelium,cluster_3
1265.3,758.94,Endothelium,cluster_2
1331.8,761.73,Endothelium,cluster_4
370.98,763.6,Endothelium,cluster_0
878.43,761.84,Endothelium,cluster_5
1060.4,763.27,Endothelium,cluster_11
758.94,766.48,Endothelium,cluster_0
488.43,764.47,Endothelium,cluster_0
1003.2,765.64,Endothelium,cluster_11
1386.8,766.17,Endothelium,cluster_4
664.57,768.58,Endothelium,cluster_0
694.2,768.98,Endothelium,cluster_0
1039.5,767.56,Endothelium,cluster_11
1081.2,771.31,Endothelium,cluster_11
1243.6,771.45,Endothelium,cluster_6
722.19,771.96,Endothelium,cluster_0
1370.4,772.81,Endothelium,cluster_4
576.15,775,Endothelium,cluster_9
600.84,773.51,Endothelium,cluster_9
1262.5,772.49,Endothelium,cluster_3
1285.9,772.02,Endothelium,cluster_2
1304.9,772.38,Endothelium,cluster_2
382.2,775.09,Endothelium,cluster_9
422.92,775.98,Endothelium,cluster_0
978.26,776.22,Endothelium,cluster_11
1164.2,777.77,Endothelium,cluster_7
1051.2,779.45,Endothelium,cluster_11
683.51,781.42,Endothelium,cluster_0
856.69,784.09,Endothelium,cluster_0
1201.7,783.62,Endothelium,cluster_4
287.66,785.54,Endothelium,cluster_9
1253.4,785.68,Endothelium,cluster_6
1324.1,785.1,Endothelium,cluster_4
699.88,786.02,Endothelium,cluster_9
1269.9,787.28,Endothelium,cluster_2
1662.5,788.41,Endothelium,cluster_4
1683.3,788.5,Endothelium,cluster_4
1221.7,788.8,Unknown,cluster_8
1386.7,790.84,Endothelium,cluster_4
1406.4,791.75,Endothelium,cluster_3
1237,792.16,Endothelium,cluster_3
831.14,793.08,Endothelium,cluster_0
354.22,795.38,Endothelium,cluster_9
996.51,799.87,Endothelium,cluster_11
1645.8,795.4,Endothelium,cluster_3
687.97,797.22,Endothelium,cluster_0
716.51,794.65,Endothelium,cluster_9
1284.8,796.6,Endothelium,cluster_8
322.06,800.62,Endothelium,cluster_9
1339.6,798.34,Endothelium,cluster_4
453.54,799.86,Endothelium,cluster_0
595.01,801.14,Endothelium,cluster_5
921.51,802.01,Endothelium,cluster_0
1058.6,801.09,Endothelium,cluster_11
1257.8,800.18,Endothelium,cluster_2
270.93,803.38,Endothelium,cluster_9
1319.2,803.86,Endothelium,cluster_4
1625.9,803.62,Endothelium,cluster_4
1691.5,802.13,Endothelium,cluster_4
648.36,808.51,Endothelium,cluster_9
1374.4,817.6,Endothelium,cluster_4
1402.9,810.11,Endothelium,cluster_4
1234,812.42,Unknown,cluster_8
1271.3,814.28,Endothelium,cluster_4
1637.8,813.86,Endothelium,cluster_3
355.58,815.59,Endothelium,cluster_0
1178.2,814.4,Endothelium,cluster_3
1294.7,816.51,Endothelium,cluster_4
1354.9,815.02,Endothelium,cluster_4
1424.8,815.37,Endothelium,cluster_4
683.26,815.22,Endothelium,cluster_9
261.3,816.95,Endothelium,cluster_0
298.72,817.53,Endothelium,cluster_0
766.98,821.74,Endothelium,cluster_9
1221.6,822.47,Endothelium,cluster_8
1333.1,821.77,Endothelium,cluster_4
28.11,823.05,Endothelium,cluster_5
1196.5,818.42,Endothelium,cluster_8
1620.2,824.76,Endothelium,cluster_7
516.14,825.85,Endothelium,cluster_9
1024.5,826.47,Endothelium,cluster_11
1243,827.57,Endothelium,cluster_3
1312.2,827.16,Endothelium,cluster_4
1388,828.91,Endothelium,cluster_4
1409.3,830.49,Endothelium,cluster_4
937.57,834.65,Endothelium,cluster_11
317.45,835.38,Endothelium,cluster_0
1424.1,836.56,Endothelium,cluster_4
491.23,838.1,Endothelium,cluster_9
983.96,842.07,Endothelium,cluster_11
1192.7,841.74,Endothelium,cluster_6
1254,841.68,Endothelium,cluster_4
1272,843.77,Endothelium,cluster_4
1291.6,841.99,Endothelium,cluster_3
436.33,844.11,Endothelium,cluster_0
1064.2,841.71,Endothelium,cluster_11
1217.3,843.84,Endothelium,cluster_3
511.79,845.02,Endothelium,cluster_5
1324.6,845.74,Endothelium,cluster_4
723.68,849.8,Endothelium,cluster_0
1437.2,851.36,Endothelium,cluster_8
561.23,854.52,Endothelium,cluster_0
1343.6,854.38,Endothelium,cluster_4
435.57,856.89,Endothelium,cluster_0
1367.5,860.97,Endothelium,cluster_3
772.19,865.2,Endothelium,cluster_0
1200.6,863.26,Endothelium,cluster_12
1238.8,864.03,Endothelium,cluster_10
1292.5,865.37,Endothelium,cluster_8
1315.3,866.04,Endothelium,cluster_2
1591.6,869.55,Endothelium,cluster_7
1026.7,872.43,Endothelium,cluster_11
1269.8,868.98,Endothelium,cluster_4
1347.9,870.76,Endothelium,cluster_3
362.81,876.05,Endothelium,cluster_0
1427.1,877.73,Epithelium,cluster_2
478.7,878.2,Endothelium,cluster_0
945.19,879.25,Endothelium,cluster_11
1394.1,875.99,Endothelium,cluster_10
1371.4,880.7,Endothelium,cluster_4
1306.1,882.91,Endothelium,cluster_4
748.05,883.43,Endothelium,cluster_0
1286.5,885.01,Endothelium,cluster_2
1438,889.14,Unknown,cluster_7
474.71,891.08,Endothelium,cluster_0
508.53,892.38,Endothelium,cluster_5
1333.8,890.28,Endothelium,cluster_3
583.4,894.38,Endothelium,cluster_16
1253.1,893.92,Endothelium,cluster_12
553.47,894.82,Endothelium,cluster_9
1009.3,895.91,Endothelium,cluster_11
1466.7,897.71,Unknown,cluster_7
859.98,897.31,Endothelium,cluster_0
981.16,897.66,Endothelium,cluster_11
1407.1,897.28,Endothelium,cluster_3
1383.6,899.01,Unknown,cluster_10
683.29,900.58,Endothelium,cluster_0
1283.6,900.68,Endothelium,cluster_2
464.31,902.56,Endothelium,cluster_0
1861.1,904.35,Endothelium,cluster_11
760.55,904.64,Endothelium,cluster_0
1313.5,906.27,Endothelium,cluster_10
1440.5,906.72,Unknown,cluster_8
1062.4,913.59,Endothelium,cluster_11
1294.7,907.28,Endothelium,cluster_10
515.35,911.57,Endothelium,cluster_0
620.19,912.78,Endothelium,cluster_9
1222.6,912.44,Endothelium,cluster_12
1255.1,911.1,Endothelium,cluster_12
1270.3,912.06,Endothelium,cluster_2
1500.9,912.94,Endothelium,cluster_7
588.87,915.53,Endothelium,cluster_16
1402.3,913.99,Endothelium,cluster_10
1375.9,917.12,Endothelium,cluster_10
1473.3,917.98,Endothelium,cluster_3
432.16,920.67,Endothelium,cluster_5
469.25,920.01,Endothelium,cluster_0
1013,922.53,Endothelium,cluster_11
937.28,923.22,Endothelium,cluster_11
963.28,923.47,Endothelium,cluster_11
493.35,927.19,Endothelium,cluster_0
1314.2,925.15,Epithelium,cluster_10
524.81,926.77,Endothelium,cluster_0
1867.5,934.19,Endothelium,cluster_11
873.76,933.2,Endothelium,cluster_9
983.87,934.2,Endothelium,cluster_11
1390,937.94,Unknown,cluster_1
938.94,940.54,Endothelium,cluster_11
1854.4,939.55,Endothelium,cluster_11
1409.5,941.94,Endothelium,cluster_10
515.69,944.75,Endothelium,cluster_5
569.98,947.44,Endothelium,cluster_0
738.41,947.51,Endothelium,cluster_0
891.83,947.29,Endothelium,cluster_0
1011.1,949.81,Endothelium,cluster_11
1882.9,951.55,Endothelium,cluster_10
908.5,953.82,Endothelium,cluster_11
1046.7,955.76,Endothelium,cluster_11
1757,958.96,Endothelium,cluster_2
939.78,957.86,Endothelium,cluster_11
1315.8,959.13,Epithelium,cluster_1
873.03,963.53,Endothelium,cluster_5
995.03,965.3,Endothelium,cluster_11
1774.9,965.27,Endothelium,cluster_7
718.58,972.48,Endothelium,cluster_5
929.04,969.9,Endothelium,cluster_11
1877.7,971.35,Endothelium,cluster_9
1423.6,975.47,Epithelium,cluster_1
1740.9,974.82,Endothelium,cluster_2
1463.6,975.48,Endothelium,cluster_1
1792.2,977.5,Endothelium,cluster_2
1899.4,975.81,Endothelium,cluster_9
840.53,979.2,Endothelium,cluster_5
1269.2,980.62,Epithelium,cluster_1
975.11,981.15,Endothelium,cluster_11
1758.7,983.02,Endothelium,cluster_2
1488,986.34,Epithelium,cluster_1
944.32,986.15,Endothelium,cluster_11
778.71,989.84,Endothelium,cluster_9
907.12,990.22,Endothelium,cluster_11
923.96,991.62,Endothelium,cluster_11
1409.3,992.29,Epithelium,cluster_10
1777.9,993.36,Endothelium,cluster_2
370.2,997.13,Endothelium,cluster_0
865.95,1000.6,Endothelium,cluster_11
1644.6,999.5,Endothelium,cluster_2
1670.2,1000,Endothelium,cluster_3
1761.2,1001.6,Endothelium,cluster_2
1348.2,1003.4,Epithelium,cluster_1
717.66,1004.4,Endothelium,cluster_0
592.26,1004.6,Endothelium,cluster_0
1397.7,1004.9,Epithelium,cluster_1
1730,1008.3,Endothelium,cluster_8
614.35,1009.7,Endothelium,cluster_0
1492.3,1009.4,Endothelium,cluster_1
1748.8,1010.4,Endothelium,cluster_6
1683.4,1010.2,Endothelium,cluster_3
1279.6,1012.5,Epithelium,cluster_1
1249.7,1013,Epithelium,cluster_1
642.38,1015.4,Endothelium,cluster_0
1297.4,1014.1,Epithelium,cluster_1
1771.6,1017.6,Endothelium,cluster_8
1903.6,1018.4,Endothelium,cluster_11
895.89,1018.2,Endothelium,cluster_11
1394.6,1018.1,Epithelium,cluster_1
804.35,1022.6,Endothelium,cluster_0
919.66,1021.4,Endothelium,cluster_11
1464,1021.8,Endothelium,cluster_7
1725.5,1022,Endothelium,cluster_6
865.34,1023.3,Endothelium,cluster_11
1361.9,1024.5,Epithelium,cluster_1
1445,1027.4,Endothelium,cluster_7
1696.4,1030.1,Endothelium,cluster_6
1755.2,1029.2,Endothelium,cluster_6
1483.1,1032.4,Endothelium,cluster_7
1880.4,1034,Endothelium,cluster_2
665.12,1033.8,Endothelium,cluster_0
1236.8,1034.4,Epithelium,cluster_1
1676.5,1034.2,Endothelium,cluster_4
1289.9,1034.9,Epithelium,cluster_1
1723.8,1034.5,Endothelium,cluster_6
633.31,1036.8,Endothelium,cluster_9
1516.4,1037.5,Endothelium,cluster_7
1776.6,1039.4,Endothelium,cluster_3
850.13,1041.1,Endothelium,cluster_14
1621.7,1041.4,Endothelium,cluster_10
1897.8,1040.6,Endothelium,cluster_9
777.88,1042.4,Endothelium,cluster_0
1225.6,1041.8,Epithelium,cluster_1
1794.9,1042.9,Endothelium,cluster_6
1436.8,1045.7,Endothelium,cluster_7
280.31,1046.9,Endothelium,cluster_5
834.94,1047,Endothelium,cluster_11
1380,1049.7,Epithelium,cluster_1
886.71,1052.2,Endothelium,cluster_11
917.02,1049.2,Endothelium,cluster_11
1236.5,1052.1,Epithelium,cluster_1
1696.5,1050.6,Endothelium,cluster_10
614.04,1053.5,Endothelium,cluster_9
1513.2,1053,Endothelium,cluster_7
1870.5,1053.2,Endothelium,cluster_6
1664.2,1053,Endothelium,cluster_2
679.15,1056.8,Endothelium,cluster_0
1282,1057.2,Epithelium,cluster_1
1911.3,1058.8,Endothelium,cluster_9
643.5,1060.2,Endothelium,cluster_9
131.23,1063.8,Endothelium,cluster_9
1442.3,1063.9,Unknown,cluster_1
1535.6,1063.1,Endothelium,cluster_7
1787.7,1062.9,Unknown,cluster_10
830.18,1065.3,Endothelium,cluster_11
1712.9,1065.9,Endothelium,cluster_4
1900.2,1067.5,Endothelium,cluster_9
708.59,1070.5,Endothelium,cluster_0
1551,1070,Endothelium,cluster_7
1680.4,1068.3,Endothelium,cluster_6
1749.4,1068,Unknown,cluster_10
296.93,1070.7,Endothelium,cluster_5
859.64,1066.8,Endothelium,cluster_11
881.05,1070.9,Endothelium,cluster_11
1769.3,1068.1,Epithelium,cluster_1
222.86,1072.2,Endothelium,cluster_0
1868.6,1072.4,Endothelium,cluster_2
925.78,1075.3,Endothelium,cluster_11
1435.2,1073.1,Endothelium,cluster_7
1209,1074.4,Epithelium,cluster_1
523.54,1077.5,Endothelium,cluster_16
1228.2,1078.1,Epithelium,cluster_1
1889.9,1077.2,Endothelium,cluster_10
474.11,1079.3,Endothelium,cluster_16
1652.8,1079.2,Endothelium,cluster_10
539.72,1079.6,Endothelium,cluster_16
1249.5,1080.5,Epithelium,cluster_1
1723.5,1082.9,Unknown,cluster_8
266.23,1082.7,Endothelium,cluster_0
621.14,1082.4,Endothelium,cluster_5
673.24,1082.8,Endothelium,cluster_9
1448.4,1082.8,Endothelium,cluster_5
1580.1,1083.8,Epithelium,cluster_1
1907.2,1084.3,Endothelium,cluster_9
303.05,1085.7,Endothelium,cluster_0
854.71,1084.6,Endothelium,cluster_11
1778,1086.6,Epithelium,cluster_1
1432.5,1087,Endothelium,cluster_7
1674.4,1085.6,Endothelium,cluster_10
719.06,1087.7,Endothelium,cluster_0
874.73,1088,Endothelium,cluster_11
1559.8,1087.2,Endothelium,cluster_7
1794.4,1089.8,Epithelium,cluster_1
152.1,1091.2,Endothelium,cluster_0
773,1092.2,Endothelium,cluster_5
1825.4,1091.2,Epithelium,cluster_1
630.19,1094.4,Endothelium,cluster_16
898.21,1093.3,Endothelium,cluster_11
1394.2,1093.4,Epithelium,cluster_1
1764.2,1094.8,Epithelium,cluster_1
1733.8,1099.7,Epithelium,cluster_1
1639.8,1099.6,Endothelium,cluster_10
1257.1,1101.3,Endothelium,cluster_7
1436.3,1107.4,Endothelium,cluster_7
1667.6,1102.8,Unknown,cluster_8
462.75,1104.6,Endothelium,cluster_5
1898.1,1104.4,Endothelium,cluster_9
604.8,1107.6,Endothelium,cluster_9
525.35,1110.1,Endothelium,cluster_0
640.22,1109,Endothelium,cluster_5
1302.4,1114.2,Endothelium,cluster_7
1692.1,1112.6,Endothelium,cluster_1
1746.8,1110.8,Epithelium,cluster_1
624.79,1113.9,Endothelium,cluster_5
1798.9,1116.4,Epithelium,cluster_1
1768.8,1119,Epithelium,cluster_1
1828.4,1115.8,Epithelium,cluster_1
1237.5,1117.3,Endothelium,cluster_7
1457,1110.3,Endothelium,cluster_7
1671.6,1120.1,Unknown,cluster_6
1727,1120.7,Epithelium,cluster_1
1568,1127,Endothelium,cluster_7
668.65,1131.3,Endothelium,cluster_5
707.27,1129.5,Endothelium,cluster_9
1698,1130,Endothelium,cluster_2
1783.8,1130,Epithelium,cluster_1
548.31,1132.8,Endothelium,cluster_5
1380.5,1131.4,Epithelium,cluster_1
1426.1,1133.6,Epithelium,cluster_1
1483.3,1134.6,Endothelium,cluster_7
296.88,1135.8,Endothelium,cluster_5
312.59,1136,Endothelium,cluster_5
1760.2,1136,Epithelium,cluster_1
1500.2,1140,Endothelium,cluster_7
68.4,1142.1,Endothelium,cluster_9
635.44,1141.1,Endothelium,cluster_9
719.23,1142.3,Endothelium,cluster_9
1310.5,1136.3,Unknown,cluster_1
1553.4,1141.1,Endothelium,cluster_7
1682.7,1140.2,Endothelium,cluster_3
655.92,1144.4,Endothelium,cluster_16
1454.2,1144.2,Epithelium,cluster_1
1711.5,1144.5,Endothelium,cluster_10
874.43,1146.2,Endothelium,cluster_5
1849.8,1146.6,Endothelium,cluster_6
1526.8,1147.5,Endothelium,cluster_7
1367.7,1150,Epithelium,cluster_1
1578.6,1152.3,Endothelium,cluster_1
1668,1153.7,Endothelium,cluster_4
52.68,1155,Endothelium,cluster_15
675.47,1154.5,Endothelium,cluster_5
1411.9,1155.7,Epithelium,cluster_1
1762,1153.7,Unknown,cluster_10
1692.5,1155.9,Endothelium,cluster_4
1333.2,1152.7,Epithelium,cluster_1
1543,1157.4,Endothelium,cluster_7
490.96,1165.7,Endothelium,cluster_5
1650.8,1162.8,Endothelium,cluster_3
721.58,1165.5,Endothelium,cluster_5
1494.5,1167.3,Endothelium,cluster_1
188.48,1168.6,Endothelium,cluster_5
210.32,1172,Endothelium,cluster_12
1624.8,1174.2,Endothelium,cluster_6
1694.5,1172.8,Endothelium,cluster_10
122.6,1175.1,Endothelium,cluster_9
906.11,1173.4,Endothelium,cluster_5
1199.7,1174.3,Endothelium,cluster_7
1751.9,1175.6,Endothelium,cluster_4
619.64,1177.6,Endothelium,cluster_16
1355.8,1177.2,Epithelium,cluster_1
1843.9,1177.6,Endothelium,cluster_8
1553.3,1179,Epithelium,cluster_1
1779.6,1178.3,CD8+ T cells,cluster_9
67.13,1177.6,Endothelium,cluster_9
1408,1182,Epithelium,cluster_1
1717.2,1181.8,Endothelium,cluster_4
1273.1,1185.2,Endothelium,cluster_7
1680.7,1184.3,Endothelium,cluster_6
512.97,1184,Endothelium,cluster_12
694.38,1186.3,Endothelium,cluster_5
1445.1,1185.3,Epithelium,cluster_1
1480.3,1185.3,Epithelium,cluster_1
1662.2,1188.9,Endothelium,cluster_6
94.14,1191.2,Endothelium,cluster_16
646.58,1191.7,Endothelium,cluster_5
826.49,1190.5,Endothelium,cluster_5
1507.2,1189,Epithelium,cluster_1
441.74,1191.6,Endothelium,cluster_5
612.59,1193.1,Endothelium,cluster_5
1857.5,1192.8,Endothelium,cluster_2
354.99,1195.5,Endothelium,cluster_0
1624.8,1192.5,Endothelium,cluster_3
1703.2,1195.6,Endothelium,cluster_3
80.41,1199.7,Endothelium,cluster_9
214.75,1200.1,Endothelium,cluster_0
1871.3,1200.8,Endothelium,cluster_3
894.69,1203.1,Endothelium,cluster_5
1633.1,1203.1,Endothelium,cluster_6
1246.7,1204.9,Endothelium,cluster_7
1353.1,1203.2,Epithelium,cluster_1
1437.3,1204,Epithelium,cluster_1
128.38,1206.8,Endothelium,cluster_9
1612.1,1205.5,Unknown,cluster_1
606.68,1208,Endothelium,cluster_9
368.02,1210.2,Endothelium,cluster_9
792.09,1210.3,Endothelium,cluster_5
1853.9,1209.5,Endothelium,cluster_2
678.1,1212.3,Endothelium,cluster_9
1417.6,1211.2,Epithelium,cluster_1
1711,1211.2,Endothelium,cluster_10
731.57,1212.6,Endothelium,cluster_5
1229,1212.2,Endothelium,cluster_7
1293.2,1211.1,Epithelium,cluster_1
1482.3,1214.4,Epithelium,cluster_10
87.13,1217.2,Endothelium,cluster_16
1190.8,1219.2,Epithelium,cluster_1
1495.1,1221.3,Epithelium,cluster_10
1637.8,1219.7,Endothelium,cluster_2
143.57,1221.9,Endothelium,cluster_9
633.19,1220.3,Endothelium,cluster_5
208.13,1223.5,Endothelium,cluster_9
1419.1,1223.1,Epithelium,cluster_1
574.58,1230,Endothelium,cluster_12
688.99,1231.8,Endothelium,cluster_9
1477.3,1232.2,Epithelium,cluster_10
1554,1234.6,Unknown,cluster_3
1580.6,1236.6,Endothelium,cluster_10
157.48,1237.2,Endothelium,cluster_5
1685.8,1238.3,Unknown,cluster_6
1393.7,1238.5,Epithelium,cluster_1
1624.5,1240.3,Endothelium,cluster_6
113.47,1243.1,Endothelium,cluster_9
709.27,1244.2,Endothelium,cluster_9
838.75,1243.6,Endothelium,cluster_5
893.53,1242.9,Endothelium,cluster_12
677.18,1244.4,Endothelium,cluster_5
1191,1245.1,Epithelium,cluster_1
1602.5,1244.6,Endothelium,cluster_4
1857.5,1244.1,Endothelium,cluster_6
71.52,1249.3,Endothelium,cluster_12
1300.9,1249,Unknown,cluster_1
738.59,1250.2,Endothelium,cluster_5
1422.6,1253.3,Epithelium,cluster_1
818.42,1255.2,Endothelium,cluster_9
1512.9,1254.7,Endothelium,cluster_10
1836.8,1255.5,Endothelium,cluster_6
856.19,1258.1,Endothelium,cluster_5
1476.7,1256.6,Endothelium,cluster_10
1665.2,1255.7,Endothelium,cluster_3
207.11,1259.9,Endothelium,cluster_9
622.76,1259,Endothelium,cluster_16
670.72,1257.6,Endothelium,cluster_5
1593.6,1257.9,Unknown,cluster_4
1361.3,1259.9,Epithelium,cluster_1
1622.1,1261.8,Unknown,cluster_8
711.54,1262.2,Endothelium,cluster_5
1854.7,1261.1,Endothelium,cluster_8
126.9,1265,Endothelium,cluster_9
840.12,1263.7,Endothelium,cluster_5
878.37,1264.7,Endothelium,cluster_14
1169.5,1264.9,Epithelium,cluster_1
1673.7,1266.7,Unknown,cluster_8
1330.4,1268.7,Epithelium,cluster_1
1574.2,1269.6,Endothelium,cluster_6
1188.8,1270.1,Epithelium,cluster_1
87.88,1272.2,Endothelium,cluster_5
794.61,1271,Endothelium,cluster_9
1807.8,1272.1,Endothelium,cluster_8
611.32,1272.7,Endothelium,cluster_5
1629,1272.9,Unknown,cluster_8
1828.6,1279.4,Endothelium,cluster_15
322.33,1280.8,Endothelium,cluster_0
1201.7,1282.2,Epithelium,cluster_1
779.27,1282.5,Endothelium,cluster_5
484.49,1286.2,Endothelium,cluster_5
509.01,1287.3,Endothelium,cluster_5
681.77,1285.1,Endothelium,cluster_5
227.32,1287.4,Endothelium,cluster_9
1594,1287.4,Endothelium,cluster_4
902.34,1290.2,Endothelium,cluster_14
1433.4,1290.4,Epithelium,cluster_1
292.61,1293.1,Endothelium,cluster_9
1567.3,1292.2,Epithelium,cluster_3
567.22,1293,Endothelium,cluster_5
1408.8,1294.3,Epithelium,cluster_1
1282.7,1294.8,Endothelium,cluster_7
197.64,1297.2,Endothelium,cluster_9
1367.7,1297.2,Epithelium,cluster_1
1630.1,1297.8,Endothelium,cluster_8
1498,1298.2,Endothelium,cluster_10
164.04,1302.8,Endothelium,cluster_9
1656.7,1301.3,Endothelium,cluster_2
1427,1303.1,Epithelium,cluster_1
382.14,1307.1,Endothelium,cluster_5
1460.9,1306.1,Epithelium,cluster_10
1837.9,1310,Endothelium,cluster_6
633.65,1309.7,Endothelium,cluster_12
1204.9,1309.7,Endothelium,cluster_7
786.59,1312.1,Endothelium,cluster_5
441.5,1313.6,Endothelium,cluster_5
875.61,1314.5,Endothelium,cluster_5
278.45,1317.2,Endothelium,cluster_0
1419.9,1315.4,Epithelium,cluster_1
1558.5,1314.9,Endothelium,cluster_3
127.31,1318.7,Endothelium,cluster_0
1643.7,1316.8,Endothelium,cluster_2
233.53,1319.7,Endothelium,cluster_0
753.05,1320.8,Endothelium,cluster_9
923.1,1321.4,Endothelium,cluster_5
1579.1,1323.2,Endothelium,cluster_15
393.17,1322.8,Endothelium,cluster_12
152.58,1326.3,Endothelium,cluster_9
1675.2,1325.2,Endothelium,cluster_6
175.37,1325.6,Endothelium,cluster_16
189.51,1325.6,Endothelium,cluster_5
1405.1,1325.8,Epithelium,cluster_1
773.61,1327.7,Endothelium,cluster_5
1830,1328.9,Endothelium,cluster_6
903.49,1329.4,Endothelium,cluster_14
1545.1,1333.1,Endothelium,cluster_2
1851,1332.2,Endothelium,cluster_4
684.17,1334.1,Endothelium,cluster_7
1314.9,1333.8,Endothelium,cluster_7
1366,1336.5,Epithelium,cluster_1
1666.3,1336.4,Endothelium,cluster_6
1615.8,1336.3,Endothelium,cluster_10
1176.8,1338.3,Epithelium,cluster_1
1525.6,1339.2,Endothelium,cluster_6
194.46,1340.3,Endothelium,cluster_9
244.09,1339.7,Endothelium,cluster_0
623.55,1339.7,Endothelium,cluster_7
1572.5,1340.1,Unknown,cluster_15
1641.6,1339.6,Endothelium,cluster_4
129.39,1344.5,Endothelium,cluster_0
1437.1,1344.7,Epithelium,cluster_1
100.42,1346,Endothelium,cluster_0
326.67,1346.2,Endothelium,cluster_0
1862.4,1344.8,Endothelium,cluster_11
1503.9,1346.2,Endothelium,cluster_10
892.75,1347.2,Endothelium,cluster_5
1404.1,1348.1,Epithelium,cluster_1
1815,1347.1,Macrophages,cluster_10
1560.8,1348.9,Unknown,cluster_15
1841.9,1348.6,Endothelium,cluster_6
355.93,1352,Endothelium,cluster_9
730.38,1352.1,Endothelium,cluster_5
1426.5,1352.9,Epithelium,cluster_1
1664.1,1351.2,Unknown,cluster_3
1686.6,1351.1,Endothelium,cluster_6
1321,1354,Endothelium,cluster_7
1649,1355.8,Endothelium,cluster_1
112.03,1356.5,Endothelium,cluster_0
160.69,1358.5,Endothelium,cluster_0
235.49,1356.1,Endothelium,cluster_5
1183.7,1356.4,Epithelium,cluster_1
1788.2,1357.1,Endothelium,cluster_8
424.69,1358.3,Endothelium,cluster_5
947.09,1359.7,Endothelium,cluster_14
1616.1,1359.4,Endothelium,cluster_4
1422,1362.6,Epithelium,cluster_1
1486.9,1361.3,Unknown,cluster_10
1548.9,1361.9,Endothelium,cluster_3
1854.9,1361.3,Endothelium,cluster_11
1522.3,1364.4,Endothelium,cluster_6
1382.2,1365.5,Epithelium,cluster_1
273,1368.2,Endothelium,cluster_0
1633.4,1365.9,Endothelium,cluster_3
144.24,1368.9,Endothelium,cluster_0
976.96,1371.9,Endothelium,cluster_14
876.84,1374.1,Endothelium,cluster_14
1419.3,1373.5,Epithelium,cluster_1
1601.8,1375.2,Endothelium,cluster_4
1329.2,1375.8,Endothelium,cluster_7
1450.3,1377.6,Unknown,cluster_9
1498.7,1376.1,Endothelium,cluster_6
1773.3,1375.8,Endothelium,cluster_6
1808,1376.5,Endothelium,cluster_4
130.34,1376.7,Endothelium,cluster_9
320.35,1377.3,Endothelium,cluster_0
1134.3,1377.3,Epithelium,cluster_7
1219.6,1376.6,Endothelium,cluster_7
838.08,1380.2,Endothelium,cluster_14
1679.4,1378.7,CD4+ T cells,cluster_15
1700.6,1378.4,Endothelium,cluster_4
1830.4,1381.1,Macrophages,cluster_7
1555.4,1381.2,Endothelium,cluster_10
1718,1381.6,Endothelium,cluster_2
1736.4,1380.3,Endothelium,cluster_6
375.96,1381.3,Endothelium,cluster_5
723.8,1382,Endothelium,cluster_12
1038.6,1382,Endothelium,cluster_14
1172,1382.7,Epithelium,cluster_1
1534,1383.1,Endothelium,cluster_2
1400.8,1385.3,Epithelium,cluster_1
258.24,1390.1,Endothelium,cluster_5
790.76,1389.8,Endothelium,cluster_12
1648.5,1390.4,Endothelium,cluster_4
1791,1390.6,Endothelium,cluster_10
1546.6,1389.5,Unknown,cluster_4
640.8,1394,Endothelium,cluster_7
699.54,1395.1,Endothelium,cluster_0
1609.4,1396.3,Endothelium,cluster_3
867.78,1395.3,Endothelium,cluster_14
953.35,1395.8,Endothelium,cluster_14
1423,1395.2,Epithelium,cluster_1
1591.9,1395.4,Endothelium,cluster_2
1392,1395.7,Epithelium,cluster_1
1721.9,1395.5,Endothelium,cluster_6
1490.6,1399,Endothelium,cluster_2
1515.3,1397.5,Endothelium,cluster_2
823.66,1400.2,Endothelium,cluster_5
289.21,1400.9,Endothelium,cluster_0
1002.3,1401.4,Endothelium,cluster_14
1679.3,1399.1,Endothelium,cluster_2
1739.1,1400.5,Endothelium,cluster_3
1189.2,1401.7,Epithelium,cluster_1
1772.8,1403.2,Endothelium,cluster_6
1815.8,1403.4,Endothelium,cluster_2
1444,1404.7,Unknown,cluster_10
1751.5,1404.8,Endothelium,cluster_3
1835.4,1404.9,Endothelium,cluster_6
171.1,1405.7,Endothelium,cluster_0
358.87,1407.4,Endothelium,cluster_0
1559.6,1408,Endothelium,cluster_6
600.18,1408,Endothelium,cluster_9
1068.3,1409.8,Endothelium,cluster_14
1423.4,1408.8,Epithelium,cluster_1
1793.7,1410.6,Endothelium,cluster_6
798.04,1410.8,Endothelium,cluster_5
1622.1,1412,Endothelium,cluster_6
321.23,1412.1,Endothelium,cluster_5
1646.4,1412,Endothelium,cluster_2
338.37,1413.2,Endothelium,cluster_0
1583.1,1413.4,Endothelium,cluster_2
1664,1413.7,Endothelium,cluster_2
1728.4,1413.5,Unknown,cluster_8
871.64,1415.5,Endothelium,cluster_14
1488.4,1414.4,Endothelium,cluster_2
1690.6,1417.1,Endothelium,cluster_6
1473.7,1418.1,Unknown,cluster_8
888.49,1419.9,Endothelium,cluster_14
1606.2,1420.5,Unknown,cluster_15
1770.6,1418.3,Endothelium,cluster_2
849.23,1420.2,Endothelium,cluster_5
471.5,1422.1,Endothelium,cluster_0
1539.8,1422.8,Endothelium,cluster_2
1826.4,1422.4,Endothelium,cluster_3
130.76,1426.4,Epithelium,cluster_0
396.2,1425.2,Endothelium,cluster_0
421.7,1426.5,Endothelium,cluster_0
1631.3,1426.3,Endothelium,cluster_2
774.64,1428.3,Endothelium,cluster_14
1704.4,1428,Endothelium,cluster_2
1798.2,1429.8,Endothelium,cluster_6
219.38,1431.2,Endothelium,cluster_0
1661.4,1430.2,Endothelium,cluster_2
285.83,1432.2,Endothelium,cluster_0
1397.1,1431,Epithelium,cluster_1
1776.9,1431.1,Endothelium,cluster_2
552.78,1434.2,Endothelium,cluster_4
120.08,1433.2,Epithelium,cluster_12
1419.8,1434,Unknown,cluster_5
1441.3,1436.4,Unknown,cluster_10
173.51,1435.4,Endothelium,cluster_0
1211.7,1435.8,Endothelium,cluster_1
1575.3,1436.2,Endothelium,cluster_6
1594.5,1436.7,Endothelium,cluster_2
745.68,1436.6,Endothelium,cluster_14
817.3,1436.4,Endothelium,cluster_14
1820.3,1437.5,Endothelium,cluster_6
193.9,1437.7,Endothelium,cluster_0
940.91,1438,Endothelium,cluster_14
1480,1438.4,Endothelium,cluster_3
967.92,1439.6,Endothelium,cluster_14
1375.9,1440.9,Epithelium,cluster_1
1758.3,1438.4,Endothelium,cluster_8
139.09,1440.3,Endothelium,cluster_5
272.16,1441.1,Epithelium,cluster_0
403.55,1441.9,Endothelium,cluster_0
1055.3,1444.1,Endothelium,cluster_14
1562,1443.7,Endothelium,cluster_6
1612.7,1444.4,Endothelium,cluster_6
1633.5,1443.1,Endothelium,cluster_2
1678.8,1443.8,Endothelium,cluster_4
847.43,1448.1,Endothelium,cluster_5
1226.1,1447.2,Endothelium,cluster_7
1739.6,1447.3,Endothelium,cluster_6
711.02,1448.6,Endothelium,cluster_14
765.35,1447.9,Endothelium,cluster_14
908.32,1448.5,Endothelium,cluster_14
1007,1447.6,Endothelium,cluster_14
1463.2,1449,Epithelium,cluster_1
1533.9,1447.5,Endothelium,cluster_6
1795.2,1449.5,Endothelium,cluster_2
1395.5,1453,Epithelium,cluster_1
1322.8,1454,Endothelium,cluster_7
1814.2,1452,Endothelium,cluster_3
872.15,1454.5,Endothelium,cluster_14
1375.8,1455.8,Epithelium,cluster_1
261.3,1458.4,Endothelium,cluster_9
516.12,1458.3,Endothelium,cluster_0
1476.3,1459.1,Unknown,cluster_4
274.3,1460.2,Epithelium,cluster_12
315.57,1459.5,Epithelium,cluster_5
408.14,1462.4,Endothelium,cluster_0
490.35,1459.7,Endothelium,cluster_5
825.03,1458.8,Endothelium,cluster_14
1208.8,1459,Endothelium,cluster_1
623.04,1460.5,Endothelium,cluster_0
896.88,1461.4,Endothelium,cluster_14
1344.8,1461.6,Endothelium,cluster_1
1501.7,1463.5,Endothelium,cluster_8
290.79,1463.6,Epithelium,cluster_0
679.81,1463.2,Endothelium,cluster_14
938.34,1462.7,Endothelium,cluster_11
1783,1463.4,Endothelium,cluster_4
778.14,1465.2,Endothelium,cluster_14
164.02,1467.1,Endothelium,cluster_0
1389.9,1466.9,Epithelium,cluster_1
1541.6,1466.4,Endothelium,cluster_6
1736,1465.9,Endothelium,cluster_6
1801.2,1466.2,Endothelium,cluster_2
553.2,1470.1,Endothelium,cluster_12
1581.4,1469.9,Endothelium,cluster_6
1631.4,1470.1,Endothelium,cluster_2
1769,1463.8,Endothelium,cluster_3
1040.7,1471.6,Endothelium,cluster_11
1292.3,1472.1,Endothelium,cluster_7
1606.7,1469.8,Endothelium,cluster_6
1415.8,1471.8,Epithelium,cluster_10
1708.2,1471.4,Unknown,cluster_8
1434.2,1475.9,Endothelium,cluster_10
747.05,1475.9,Endothelium,cluster_14
1306.8,1476.4,Endothelium,cluster_7
1462.6,1479.2,Epithelium,cluster_10
1475.5,1479.5,Epithelium,cluster_1
1561,1478.7,Endothelium,cluster_6
1664.3,1480,Endothelium,cluster_6
516.74,1480,Endothelium,cluster_9
1388.1,1479.7,Epithelium,cluster_1
406.6,1481.8,Endothelium,cluster_5
1450.3,1482.1,Epithelium,cluster_3
1791,1481.5,Endothelium,cluster_2
1368.4,1484.5,Epithelium,cluster_1
1520.7,1484.2,Epithelium,cluster_2
188.26,1486.3,Endothelium,cluster_0
704.76,1484.9,Endothelium,cluster_14
321.82,1485.7,Endothelium,cluster_0
574.88,1487.2,Endothelium,cluster_4
805.4,1487,Endothelium,cluster_14
1633.2,1486,Endothelium,cluster_8
233.86,1488.6,Endothelium,cluster_0
1735,1491,Endothelium,cluster_8
265.58,1491.6,Endothelium,cluster_5
1574.6,1490.5,Endothelium,cluster_2
1610.2,1492.4,Endothelium,cluster_3
1686.3,1493.3,Endothelium,cluster_6
1764,1492.3,Endothelium,cluster_6
1648.2,1492.7,Endothelium,cluster_6
1316.8,1498,Endothelium,cluster_1
1536,1497.9,Endothelium,cluster_3
341.5,1499.7,Endothelium,cluster_9
402,1497.8,Endothelium,cluster_0
588.65,1499,Endothelium,cluster_0
1432.9,1500.1,Endothelium,cluster_6
1667.4,1498.7,Endothelium,cluster_2
1375.9,1500.4,Epithelium,cluster_1
1583.4,1504.9,Endothelium,cluster_6
372.16,1506.5,Endothelium,cluster_0
1247.8,1506.6,Endothelium,cluster_7
291.2,1507.9,Endothelium,cluster_0
566.86,1506.8,Endothelium,cluster_7
1556.7,1509.8,Endothelium,cluster_3
1617.7,1507.2,Endothelium,cluster_2
648.38,1509.1,Endothelium,cluster_0
1462.8,1509.4,Endothelium,cluster_6
1511.1,1509.6,Unknown,cluster_6
1634.8,1509.1,Endothelium,cluster_2
1733.5,1509.1,Endothelium,cluster_8
1674.6,1509.8,Endothelium,cluster_2
1771,1509.2,Endothelium,cluster_6
789.07,1510.3,Endothelium,cluster_14
1357.2,1513,Epithelium,cluster_1
1526.8,1511.9,Endothelium,cluster_2
527.52,1514.1,Endothelium,cluster_0
1604.5,1512.3,Endothelium,cluster_2
1424.7,1516.5,Unknown,cluster_2
1655.6,1514.4,Endothelium,cluster_4
1714.2,1519,Endothelium,cluster_8
288.78,1520.8,Endothelium,cluster_0
955.77,1522,Endothelium,cluster_12
1689,1525.7,Endothelium,cluster_8
323.16,1527.6,Endothelium,cluster_0
564.42,1527.1,Endothelium,cluster_7
1322.1,1527.2,Epithelium,cluster_1
1621.5,1522.5,Endothelium,cluster_2
1449.7,1527.5,Endothelium,cluster_6
934.49,1529.2,Endothelium,cluster_11
1569.1,1527.7,Endothelium,cluster_3
589.91,1531.2,Endothelium,cluster_0
1541.1,1531.3,Endothelium,cluster_6
1433.9,1531.9,Endothelium,cluster_3
1468.6,1532.4,Endothelium,cluster_10
1738.8,1532.8,Endothelium,cluster_3
359.89,1534.1,Endothelium,cluster_0
1505.6,1534.5,Unknown,cluster_8
1638.6,1532.2,Endothelium,cluster_10
337.99,1535.3,Endothelium,cluster_0
288.35,1536.8,Endothelium,cluster_0
1346.2,1538.2,Epithelium,cluster_1
629.49,1541.8,Endothelium,cluster_0
573.59,1540.7,Endothelium,cluster_7
918.74,1542.6,Endothelium,cluster_5
1697.8,1540.5,Endothelium,cluster_2
956.59,1543.3,Endothelium,cluster_11
1278.9,1543.3,Epithelium,cluster_1
1530.7,1544.3,Endothelium,cluster_6
1611.5,1544.4,Endothelium,cluster_2
557.97,1544.7,Endothelium,cluster_0
1418.9,1545.7,Unknown,cluster_3
1716.9,1546.4,Endothelium,cluster_3
1753.3,1548.2,Endothelium,cluster_6
491.45,1549.3,Endothelium,cluster_9
1434.1,1552.1,Endothelium,cluster_4
1455.3,1552.1,Endothelium,cluster_6
1663.9,1549.2,Endothelium,cluster_15
1681.7,1553.4,Endothelium,cluster_4
1393.1,1555.1,Endothelium,cluster_2
1559.3,1555.2,Endothelium,cluster_3
940.58,1555.5,Endothelium,cluster_11
1492.2,1555.2,Unknown,cluster_8
1589.5,1554.4,Endothelium,cluster_3
319.12,1558.5,Endothelium,cluster_0
479.45,1557.7,Endothelium,cluster_0
1516.6,1557.2,Unknown,cluster_8
590.5,1558.3,Endothelium,cluster_0
1294.1,1560.4,Epithelium,cluster_1
340.55,1561.7,Endothelium,cluster_0
1735.2,1559.8,Endothelium,cluster_8
1629.4,1565.5,Endothelium,cluster_6
1610.3,1566.6,Endothelium,cluster_2
1660.9,1565.5,Endothelium,cluster_4
299.07,1568.3,Endothelium,cluster_9
662.41,1567.5,Endothelium,cluster_0
1485.8,1567.9,Endothelium,cluster_15
1169,1567.8,Epithelium,cluster_12
1370.7,1571.8,Endothelium,cluster_3
1426.5,1570.3,Endothelium,cluster_2
1671.4,1570.9,Endothelium,cluster_4
321.59,1574.4,Endothelium,cluster_0
1388.6,1572.7,Endothelium,cluster_6
1408.1,1572.6,Endothelium,cluster_2
1446.1,1570.9,Endothelium,cluster_2
1522.9,1574.9,Endothelium,cluster_8
1497.3,1573.8,Unknown,cluster_8
1725.2,1574.8,Endothelium,cluster_2
1541.1,1575.4,Endothelium,cluster_3
1210.4,1578.4,Epithelium,cluster_1
1262.8,1578.9,Epithelium,cluster_1
1586.8,1582.5,Endothelium,cluster_8
1557.9,1579.6,Endothelium,cluster_15
1461.5,1585.3,Endothelium,cluster_4
1603.7,1585.8,Endothelium,cluster_2
1628.3,1585.1,Endothelium,cluster_1
594.79,1588.2,Endothelium,cluster_9
1669.6,1585.3,Endothelium,cluster_15
1184.2,1587.5,Epithelium,cluster_1
1244.7,1589,Epithelium,cluster_10
1275.6,1586.9,Epithelium,cluster_10
1360.1,1588.8,Endothelium,cluster_3
506.48,1590,Endothelium,cluster_0
1381.3,1588.9,Unknown,cluster_8
1521.3,1588.5,Endothelium,cluster_3
334.13,1592.7,Endothelium,cluster_0
1440.2,1592.4,Endothelium,cluster_2
1571.3,1592.8,Endothelium,cluster_15
1338.9,1595.6,Endothelium,cluster_10
426.49,1596.5,Endothelium,cluster_0
1404,1596.9,Endothelium,cluster_2
1547.7,1595.2,Endothelium,cluster_15
1480.1,1598.6,Endothelium,cluster_2
1714.2,1599.2,Endothelium,cluster_12
1647.9,1600.4,Endothelium,cluster_10
1596.7,1600.9,Endothelium,cluster_2
1316.6,1604,Endothelium,cluster_4
1236.3,1603.9,Epithelium,cluster_10
1387.2,1606.8,Endothelium,cluster_3
1468.2,1606.7,Endothelium,cluster_2
298.74,1609.2,Endothelium,cluster_0
1578.1,1608.1,Endothelium,cluster_3
1500.4,1611.3,Endothelium,cluster_4
1373.9,1614.2,Endothelium,cluster_8
1417.4,1612.2,Endothelium,cluster_2
1443.7,1614.5,Endothelium,cluster_4
1677.5,1613.6,Endothelium,cluster_6
658.16,1615.2,Endothelium,cluster_0
1281.9,1615.8,Endothelium,cluster_3
1557.8,1613.6,Endothelium,cluster_4
1659.6,1613.4,Endothelium,cluster_3
1344.8,1617.7,Endothelium,cluster_3
1532.6,1617.9,Unknown,cluster_8
566.67,1622.3,Endothelium,cluster_0
1477.5,1620.5,Unknown,cluster_15
1643,1620.8,Endothelium,cluster_2
347.84,1623.1,Endothelium,cluster_12
1613.6,1624.1,Endothelium,cluster_15
1361,1625.5,Endothelium,cluster_6
1396.3,1627.6,Endothelium,cluster_2
1576.5,1627.8,Endothelium,cluster_3
1174.6,1630.7,Unknown,cluster_5
1245.5,1630.3,Endothelium,cluster_4
1526,1633.9,Endothelium,cluster_2
306.63,1636.2,Endothelium,cluster_0
1319.2,1638.2,Endothelium,cluster_3
1437.7,1636.2,Endothelium,cluster_3
1666.3,1637.5,Endothelium,cluster_6
1298.8,1639.4,Endothelium,cluster_6
1460.8,1637.8,Endothelium,cluster_3
1511.6,1638.2,Unknown,cluster_8
1543.2,1639.9,Endothelium,cluster_2
1387.5,1641.1,Endothelium,cluster_10
1412.7,1641.6,Endothelium,cluster_2
332,1641.6,Endothelium,cluster_12
393.98,1642.2,Unknown,cluster_0
1339.1,1636.9,Endothelium,cluster_2
257.14,1645.2,Endothelium,cluster_0
1231.7,1648.2,Unknown,cluster_2
422.91,1651.3,Epithelium,cluster_0
1214,1651.2,Endothelium,cluster_12
1281.7,1651.8,Endothelium,cluster_2
1473.1,1650.2,Endothelium,cluster_10
1599.6,1649.6,Endothelium,cluster_15
1433.8,1652.7,Endothelium,cluster_8
1521.3,1652.4,Unknown,cluster_4
1648.1,1653.5,Unknown,cluster_8
1558.6,1655.5,Endothelium,cluster_10
1379.7,1656.6,Endothelium,cluster_8
1415.1,1658.2,Endothelium,cluster_3
1317,1658,Endothelium,cluster_2
653.59,1659.4,Endothelium,cluster_12
1586.6,1662.3,Endothelium,cluster_6
1362.4,1665,Endothelium,cluster_6
1253,1665.6,Endothelium,cluster_2
1463.8,1665.4,Endothelium,cluster_3
401.88,1666.4,Epithelium,cluster_12
1219.1,1665.4,Endothelium,cluster_12
1235.6,1668.6,Endothelium,cluster_12
1281.5,1667.9,Endothelium,cluster_3
1608,1667.6,Endothelium,cluster_10
1637.5,1667.7,Unknown,cluster_10
514.75,1671.1,Unknown,cluster_0
1335.4,1673.3,Endothelium,cluster_2
1396.9,1673.9,Endothelium,cluster_8
1568.6,1673.4,Endothelium,cluster_15
1417.3,1672.9,Endothelium,cluster_3
766.73,1674.9,Endothelium,cluster_9
1378.5,1677.3,Endothelium,cluster_6
1481.9,1675.5,Unknown,cluster_1
1352.5,1678.4,Endothelium,cluster_3
1297.2,1679.3,Endothelium,cluster_2
1319,1680.2,Endothelium,cluster_2
1268,1681.7,Endothelium,cluster_2
1553.6,1682.6,Endothelium,cluster_10
1444.8,1684.7,Endothelium,cluster_2
1527.8,1684.5,Endothelium,cluster_6
1623.1,1685.5,Endothelium,cluster_1
721.93,1683.9,Endothelium,cluster_12
592.48,1689.5,Endothelium,cluster_12
1465.5,1687.7,Unknown,cluster_8
1581.9,1688.1,Endothelium,cluster_2
1596.6,1688.8,Unknown,cluster_8
1485.8,1689.2,Unknown,cluster_8
397.44,1690,Epithelium,cluster_12
1239,1691.7,Endothelium,cluster_12
1307.8,1690.7,Endothelium,cluster_4
1365.8,1691.7,Endothelium,cluster_2
1406.7,1692.2,Endothelium,cluster_3
1285.2,1694.6,Endothelium,cluster_2
1338.1,1695.1,Endothelium,cluster_2
1384.6,1694.4,Endothelium,cluster_6
359.36,1698.8,Endothelium,cluster_0
1267.6,1699.2,Endothelium,cluster_2
420.62,1703,Unknown,cluster_9
1353.8,1701.5,Endothelium,cluster_2
1430.2,1703.2,Unknown,cluster_8
1326.9,1704.6,Endothelium,cluster_2
1508.5,1705.5,Endothelium,cluster_1
763.55,1707,Unknown,cluster_9
1468.5,1707.3,Endothelium,cluster_6
323.12,1710.6,Endothelium,cluster_0
1313.7,1710,Endothelium,cluster_2
1376.1,1711.4,Macrophages,cluster_16
1594.4,1711.6,Endothelium,cluster_6
1294.4,1712.2,Endothelium,cluster_6
1615.6,1713,Endothelium,cluster_6
1361.5,1714.7,Endothelium,cluster_2
1523.6,1714.3,Endothelium,cluster_6
1205.2,1714.7,Endothelium,cluster_12
1631.4,1718.1,Endothelium,cluster_12
1346.2,1719.3,Endothelium,cluster_2
1477.9,1717,Endothelium,cluster_1
458.03,1720.5,Unknown,cluster_0
547.36,1719.8,Endothelium,cluster_12
1408.8,1719.5,Endothelium,cluster_8
1450,1720.8,Endothelium,cluster_2
775.52,1724.5,Unknown,cluster_9
1269.2,1723.2,Unknown,cluster_8
1330.3,1723.4,Endothelium,cluster_2
391.02,1725.1,Endothelium,cluster_5
1289.4,1728.9,Endothelium,cluster_3
1497.2,1730.1,Endothelium,cluster_1
1617.5,1730.6,Endothelium,cluster_6
583.82,1731.1,Endothelium,cluster_12
1363.8,1730.9,Endothelium,cluster_6
1384.1,1731.9,Macrophages,cluster_10
1531.3,1731.1,Endothelium,cluster_15
1341.6,1735.1,Endothelium,cluster_15
1601.2,1738,Unknown,cluster_15
1458.4,1736.8,Endothelium,cluster_6
1318.6,1738.4,Endothelium,cluster_3
1517.6,1745.8,Endothelium,cluster_15
385.26,1747.2,Endothelium,cluster_10
1205.5,1746.8,Endothelium,cluster_12
777.42,1748.4,Epithelium,cluster_1
1269.5,1748.8,Endothelium,cluster_15
1185.2,1751.9,Unknown,cluster_12
1544.7,1753.4,Endothelium,cluster_10
1583.8,1753.6,Endothelium,cluster_2
1603.3,1753.3,Endothelium,cluster_12
1410.9,1754.9,Unknown,cluster_8
1450.3,1758.1,Endothelium,cluster_2
1495,1758.7,Endothelium,cluster_6
1346.2,1760.7,Endothelium,cluster_8
1431.6,1761.7,Endothelium,cluster_2
694.69,1763.1,Epithelium,cluster_1
1390.7,1765.3,Unknown,cluster_8
1557.8,1768.1,Endothelium,cluster_15
1260.3,1770,Endothelium,cluster_8
1573.3,1768,Endothelium,cluster_15
1544.3,1770.2,Endothelium,cluster_10
1293.7,1774.6,Endothelium,cluster_8
1417.9,1775.7,Endothelium,cluster_2
1361.1,1774.8,Unknown,cluster_8
1484,1772,Endothelium,cluster_6
1194.8,1776.9,Endothelium,cluster_12
1432.3,1777.4,Endothelium,cluster_2
1531.5,1781.9,Endothelium,cluster_2
1219.1,1784.5,Endothelium,cluster_2
1468.6,1784.6,Unknown,cluster_8
1554.6,1782.8,Endothelium,cluster_12
1389.8,1786.5,Unknown,cluster_8
1245.6,1787.4,Endothelium,cluster_3
1308.2,1788.5,Endothelium,cluster_2
1276.7,1783.4,Endothelium,cluster_2
1443.9,1789.6,Unknown,cluster_4
1510.5,1791.5,Endothelium,cluster_7
1419,1794.5,Endothelium,cluster_4
1228.3,1797.9,Endothelium,cluster_2
1457.5,1801.7,Endothelium,cluster_8
1244.8,1803.1,Endothelium,cluster_3
1279.4,1802.2,Endothelium,cluster_2
1392.4,1809.1,Endothelium,cluster_8
1302.4,1806.8,Endothelium,cluster_3
1331.2,1807.2,Unknown,cluster_8
1500.2,1807.3,Endothelium,cluster_12
1348.1,1809.1,Endothelium,cluster_8
1258.8,1806.6,Endothelium,cluster_10
1432,1809.6,Endothelium,cluster_8
1447,1813,Unknown,cluster_8
1412.3,1814.4,Endothelium,cluster_6
1475.1,1816.7,Endothelium,cluster_3
1320,1817.7,Unknown,cluster_8
1241.7,1822.9,Endothelium,cluster_2
1490.8,1819.5,Endothelium,cluster_12
1267.1,1825.5,Endothelium,cluster_6
1297.4,1823.9,Endothelium,cluster_8
1345.1,1830.5,Endothelium,cluster_6
1381.1,1831.4,Endothelium,cluster_8
1451.8,1831.4,Endothelium,cluster_10
1286.6,1834.1,Endothelium,cluster_2
1416.6,1835.4,Endothelium,cluster_12
1237,1838.7,Endothelium,cluster_12
1256.9,1840.7,Endothelium,cluster_3
1310.3,1847,Endothelium,cluster_3
1344.8,1850.2,Unknown,cluster_12
1261.1,1854.2,Endothelium,cluster_12
